58205,,,
58206,,,
58207,0.210124850273132,0.218103185296059,1.01279032230377
58208,,,
58209,,,
58210,,,
58211,,,
58212,,,
58213,,,
58214,,,
58215,,,
58216,,,
58217,,,
58218,,,
58219,0.20956315100193,0.217531993985176,1.01395058631897
58220,,,
58221,,,
58222,,,
58223,,,
58224,,,
58225,,,
58226,,,
58227,,,
58228,,,
58229,0.208876848220825,0.216595456004143,1.01510691642761
58230,,,
58231,,,
58232,,,
58233,,,
58234,,,
58235,,,
58236,,,
58237,,,
58238,,,
58239,,,
58240,,,
58241,,,
58242,0.208142310380936,0.215821281075478,1.01637780666351
58243,,,
58244,,,
58245,,,
58246,,,
58247,,,
58248,,,
58249,,,
58250,,,
58251,,,
58252,0.207586079835892,0.215050116181374,1.01738524436951
58253,,,
58254,,,
58255,,,
58256,,,
58257,,,
58258,,,
58259,,,
58260,,,
58261,,,
58262,,,
58263,,,
58264,,,
58265,,,
58266,0.207173883914947,0.214168265461922,1.0186527967453
58267,,,
58268,,,
58269,,,
58270,,,
58271,,,
58272,,,
58273,,,
58274,,,
58275,,,
58276,,,
58277,,,
58278,0.206385850906372,0.213460624217987,1.01986694335938
58279,,,
58280,,,
58281,,,
58282,,,
58283,,,
58284,,,
58285,,,
58286,,,
58287,,,
58288,0.205694511532783,0.212645471096039,1.02096354961395
58289,,,
58290,,,
58291,,,
58292,,,
58293,,,
58294,,,
58295,,,
58296,,,
58297,,,
58298,0.205158874392509,0.211905404925346,1.02203071117401
58299,,,
58300,,,
58301,,,
58302,,,
58303,,,
58304,,,
58305,,,
58306,,,
58307,,,
58308,0.204563140869141,0.211177811026573,1.02317249774933
58309,,,
58310,,,
58311,,,
58312,,,
58313,,,
58314,,,
58315,,,
58316,,,
58317,,,
58318,,,
58319,,,
58320,,,
58321,,,
58322,0.203992754220962,0.210382521152496,1.02443039417267
58323,,,
58324,,,
58325,,,
58326,,,
58327,,,
58328,,,
58329,,,
58330,,,
58331,,,
58332,0.20335753262043,0.209780782461166,1.02556073665619
58333,,,
58334,,,
58335,,,
58336,,,
58337,,,
58338,,,
58339,,,
58340,,,
58341,,,
58342,0.202961295843124,0.20915824174881,1.02663993835449
58343,,,
58344,,,
58345,,,
58346,,,
58347,,,
58348,,,
58349,,,
58350,,,
58351,,,
58352,,,
58353,,,
58354,0.202299892902374,0.208313092589378,1.02780020236969
58355,,,
58356,,,
58357,,,
58358,,,
58359,,,
58360,,,
58361,,,
58362,,,
58363,,,
58364,,,
58365,0.201840102672577,0.207637965679169,1.02897560596466
58366,,,
58367,,,
58368,,,
58369,,,
58370,,,
58371,,,
58372,,,
58373,,,
58374,,,
58375,0.2013139128685,0.206971764564514,1.02999949455261
58376,,,
58377,,,
58378,,,
58379,,,
58380,,,
58381,,,
58382,,,
58383,,,
58384,,,
58385,,,
58386,,,
58387,,,
58388,,,
58389,0.200859189033508,0.206318542361259,1.03104448318481
58390,,,
58391,,,
58392,,,
58393,,,
58394,,,
58395,,,
58396,,,
58397,,,
58398,,,
58399,,,
58400,,,
58401,0.200406178832054,0.205687314271927,1.03224301338196
58402,,,
58403,,,
58404,,,
58405,,,
58406,,,
58407,,,
58408,,,
58409,,,
58410,,,
58411,0.199902355670929,0.204925462603569,1.03325009346008
58412,,,
58413,,,
58414,,,
58415,,,
58416,,,
58417,,,
58418,,,
58419,,,
58420,,,
58421,,,
58422,,,
58423,0.199457764625549,0.204305335879326,1.03432703018188
58424,,,
58425,,,
58426,,,
58427,,,
58428,,,
58429,,,
58430,,,
58431,,,
58432,,,
58433,0.199090778827667,0.203642308712006,1.03547501564026
58434,,,
58435,,,
58436,,,
58437,,,
58438,,,
58439,,,
58440,,,
58441,,,
58442,,,
58443,,,
58444,,,
58445,,,
58446,,,
58447,,,
58448,0.19851166009903,0.202988162636757,1.036545753479
58449,,,
58450,,,
58451,,,
58452,,,
58453,,,
58454,,,
58455,,,
58456,,,
58457,,,
58458,,,
58459,,,
58460,0.198231250047684,0.202397435903549,1.03751754760742
58461,,,
58462,,,
58463,,,
58464,,,
58465,,,
58466,,,
58467,,,
58468,,,
58469,,,
58470,0.19780096411705,0.201724126935005,1.03863179683685
58471,,,
58472,,,
58473,,,
58474,,,
58475,,,
58476,,,
58477,,,
58478,,,
58479,,,
58480,,,
58481,,,
58482,,,
58483,0.197628334164619,0.201125934720039,1.03960883617401
58484,,,
58485,,,
58486,,,
58487,,,
58488,,,
58489,,,
58490,,,
58491,,,
58492,,,
58493,0.197359725832939,0.200426205992699,1.04068076610565
58494,,,
58495,,,
58496,,,
58497,,,
58498,,,
58499,,,
58500,,,
58501,,,
58502,,,
58503,0.197015762329102,0.19993294775486,1.04161143302917
58504,,,
58505,,,
58506,,,
58507,,,
58508,,,
58509,,,
58510,,,
58511,,,
58512,,,
58513,,,
58514,,,
58515,,,
58516,,,
58517,,,
58518,,,
58519,,,
58520,0.196746721863747,0.19928489625454,1.04261243343353
58521,,,
58522,,,
58523,,,
58524,,,
58525,,,
58526,,,
58527,,,
58528,,,
58529,,,
58530,0.196512117981911,0.198680430650711,1.0437068939209
58531,,,
58532,,,
58533,,,
58534,,,
58535,,,
58536,,,
58537,,,
58538,,,
58539,,,
58540,0.196143478155136,0.198266357183456,1.04469096660614
58541,,,
58542,,,
58543,,,
58544,,,
58545,,,
58546,,,
58547,,,
58548,,,
58549,,,
58550,0.196083515882492,0.197602957487106,1.04557919502258
58551,,,
58552,,,
58553,,,
58554,,,
58555,,,
58556,,,
58557,,,
58558,,,
58559,,,
58560,0.195822194218636,0.197046458721161,1.04664885997772
58561,,,
58562,,,
58563,,,
58564,,,
58565,,,
58566,,,
58567,,,
58568,,,
58569,,,
58570,,,
58571,,,
58572,,,
58573,,,
58574,,,
58575,,,
58576,0.195601597428322,0.19654692709446,1.04755306243896
58577,,,
58578,,,
58579,,,
58580,,,
58581,,,
58582,,,
58583,,,
58584,,,
58585,,,
58586,,,
58587,,,
58588,,,
58589,0.195470035076141,0.195965901017189,1.04852950572968
58590,,,
58591,,,
58592,,,
58593,,,
58594,,,
58595,,,
58596,,,
58597,,,
58598,,,
58599,,,
58600,,,
58601,0.195262208580971,0.195397689938545,1.04949903488159
58602,,,
58603,,,
58604,,,
58605,,,
58606,,,
58607,,,
58608,,,
58609,,,
58610,,,
58611,0.195184513926506,0.194832250475883,1.05025160312653
58612,,,
58613,,,
58614,,,
58615,,,
58616,,,
58617,,,
58618,,,
58619,,,
58620,,,
58621,0.195156097412109,0.194332376122475,1.05116260051727
58622,,,
58623,,,
58624,,,
58625,,,
58626,,,
58627,,,
58628,,,
58629,,,
58630,,,
58631,0.195052564144134,0.193871229887009,1.05190050601959
58632,,,
58633,,,
58634,,,
58635,,,
58636,,,
58637,,,
58638,,,
58639,,,
58640,,,
58641,,,
58642,,,
58643,,,
58644,,,
58645,0.194831997156143,0.193398132920265,1.0527526140213
58646,,,
58647,,,
58648,,,
58649,,,
58650,,,
58651,,,
58652,,,
58653,,,
58654,,,
58655,,,
58656,,,
58657,,,
58658,,,
58659,0.194770514965057,0.192957937717438,1.05361640453339
58660,,,
58661,,,
58662,,,
58663,,,
58664,,,
58665,,,
58666,,,
58667,,,
58668,,,
58669,0.194657385349274,0.192386656999588,1.05436539649963
58670,,,
58671,,,
58672,,,
58673,,,
58674,,,
58675,,,
58676,,,
58677,,,
58678,,,
58679,0.19464536011219,0.192005813121796,1.05505311489105
58680,,,
58681,,,
58682,,,
58683,,,
58684,,,
58685,,,
58686,,,
58687,,,
58688,,,
58689,0.194580495357513,0.191511556506157,1.05594909191132
58690,,,
58691,,,
58692,,,
58693,,,
58694,,,
58695,,,
58696,,,
58697,,,
58698,,,
58699,0.194549143314362,0.190928190946579,1.05670619010925
58700,,,
58701,,,
58702,,,
58703,,,
58704,,,
58705,,,
58706,,,
58707,,,
58708,,,
58709,,,
58710,,,
58711,,,
58712,,,
58713,,,
58714,,,
58715,0.194629475474358,0.190483510494232,1.0575442314148
58716,,,
58717,,,
58718,,,
58719,,,
58720,,,
58721,,,
58722,,,
58723,,,
58724,,,
58725,,,
58726,0.194565653800964,0.190021023154259,1.05829834938049
58727,,,
58728,,,
58729,,,
58730,,,
58731,,,
58732,,,
58733,,,
58734,,,
58735,,,
58736,,,
58737,,,
58738,,,
58739,,,
58740,,,
58741,,,
58742,,,
58743,,,
58744,0.19467405974865,0.189533486962318,1.05919742584229
58745,,,
58746,,,
58747,,,
58748,0.194991365075111,0.188959792256355,1.059699177742
58749,,,
58750,,,
58751,,,
58752,,,
58753,,,
58754,,,
58755,,,
58756,,,
58757,,,
58758,0.195088133215904,0.188355684280396,1.06042265892029
58759,,,
58760,,,
58761,,,
58762,,,
58763,,,
58764,,,
58765,,,
58766,,,
58767,,,
58768,,,
58769,,,
58770,0.19490373134613,0.187900274991989,1.06118750572205
58771,,,
58772,,,
58773,,,
58774,,,
58775,,,
58776,,,
58777,,,
58778,,,
58779,,,
58780,,,
58781,,,
58782,,,
58783,,,
58784,,,
58785,0.194992035627365,0.187325030565262,1.06179416179657
58786,,,
58787,,,
58788,,,
58789,,,
58790,,,
58791,,,
58792,,,
58793,,,
58794,,,
58795,0.195206865668297,0.186745777726173,1.06257772445679
58796,,,
58797,,,
58798,,,
58799,,,
58800,,,
58801,,,
58802,,,
58803,,,
58804,,,
58805,,,
58806,,,
58807,0.195046439766884,0.186422199010849,1.06334733963013
58808,,,
58809,,,
58810,,,
58811,,,
58812,,,
58813,,,
58814,,,
58815,,,
58816,,,
58817,,,
58818,0.195276916027069,0.185877025127411,1.06373870372772
58819,,,
58820,,,
58821,,,
58822,,,
58823,,,
58824,,,
58825,,,
58826,,,
58827,,,
58828,,,
58829,,,
58830,0.195180624723434,0.185396328568459,1.0645991563797
58831,,,
58832,,,
58833,,,
58834,,,
58835,,,
58836,,,
58837,,,
58838,,,
58839,,,
58840,,,
58841,,,
58842,,,
58843,,,
58844,0.195308357477188,0.184970125555992,1.06515252590179
58845,,,
58846,,,
58847,,,
58848,,,
58849,,,
58850,,,
58851,,,
58852,,,
58853,,,
58854,,,
58855,0.195484891533852,0.184368297457695,1.06587564945221
58856,,,
58857,,,
58858,,,
58859,,,
58860,,,
58861,,,
58862,,,
58863,,,
58864,,,
58865,,,
58866,0.195646196603775,0.183835327625275,1.06643056869507
58867,,,
58868,,,
58869,,,
58870,,,
58871,,,
58872,,,
58873,,,
58874,,,
58875,,,
58876,,,
58877,,,
58878,0.195696264505386,0.183283254504204,1.06700110435486
58879,,,
58880,,,
58881,,,
58882,,,
58883,,,
58884,,,
58885,,,
58886,,,
58887,,,
58888,0.195760518312454,0.182790264487266,1.06765055656433
58889,,,
58890,,,
58891,,,
58892,,,
58893,,,
58894,,,
58895,,,
58896,,,
58897,,,
58898,0.195810854434967,0.18225359916687,1.06803870201111
58899,,,
58900,,,
58901,,,
58902,,,
58903,,,
58904,,,
58905,,,
58906,,,
58907,,,
58908,0.19587978720665,0.181936517357826,1.06880164146423
58909,,,
58910,,,
58911,,,
58912,,,
58913,,,
58914,,,
58915,,,
58916,,,
58917,,,
58918,,,
58919,,,
58920,,,
58921,,,
58922,0.195935145020485,0.181521996855736,1.06938183307648
58923,,,
58924,,,
58925,,,
58926,,,
58927,,,
58928,,,
58929,,,
58930,,,
58931,,,
58932,0.196033880114555,0.181094795465469,1.07003164291382
58933,,,
58934,,,
58935,,,
58936,,,
58937,,,
58938,,,
58939,,,
58940,,,
58941,,,
58942,0.196139916777611,0.180775359272957,1.07050740718842
58943,,,
58944,,,
58945,,,
58946,,,
58947,,,
58948,,,
58949,,,
58950,,,
58951,,,
58952,,,
58953,,,
58954,0.196169778704643,0.180422395467758,1.07105720043182
58955,,,
58956,,,
58957,,,
58958,,,
58959,,,
58960,,,
58961,,,
58962,,,
58963,,,
58964,,,
58965,0.196210131049156,0.179952040314674,1.07174980640411
58966,,,
58967,,,
58968,,,
58969,,,
58970,,,
58971,,,
58972,,,
58973,,,
58974,,,
58975,,,
58976,,,
58977,,,
58978,,,
58979,,,
58980,0.196302458643913,0.179524064064026,1.07252752780914
58981,,,
58982,,,
58983,,,
58984,,,
58985,,,
58986,,,
58987,,,
58988,,,
58989,,,
58990,,,
58991,,,
58992,0.196473389863968,0.179109394550324,1.07296180725098
58993,,,
58994,,,
58995,,,
58996,,,
58997,,,
58998,,,
58999,,,
59000,,,
59001,,,
59002,0.196624502539635,0.178601577877998,1.07349228858948
59003,,,
59004,,,
59005,,,
59006,,,
59007,,,
59008,,,
59009,,,
59010,,,
59011,,,
59012,,,
59013,,,
59014,0.196426749229431,0.178319856524468,1.07407784461975
59015,,,
59016,,,
59017,,,
59018,,,
59019,,,
59020,,,
59021,,,
59022,,,
59023,,,
59024,0.196642830967903,0.177796587347984,1.07462346553803
59025,,,
59026,,,
59027,,,
59028,,,
59029,,,
59030,,,
59031,,,
59032,,,
59033,,,
59034,0.196553289890289,0.177495777606964,1.07507741451263
59035,,,
59036,,,
59037,,,
59038,,,
59039,,,
59040,,,
59041,,,
59042,,,
59043,,,
59044,,,
59045,,,
59046,,,
59047,,,
59048,,,
59049,,,
59050,,,
59051,0.196701571345329,0.177065506577492,1.0757075548172
59052,,,
59053,,,
59054,,,
59055,,,
59056,,,
59057,,,
59058,,,
59059,,,
59060,,,
59061,,,
59062,0.196704268455505,0.176826149225235,1.07627260684967
59063,,,
59064,,,
59065,,,
59066,,,
59067,,,
59068,,,
59069,,,
59070,,,
59071,,,
59072,,,
59073,0.196849808096886,0.176533907651901,1.07663476467133
59074,,,
59075,,,
59076,,,
59077,,,
59078,,,
59079,,,
59080,,,
59081,,,
59082,,,
59083,,,
59084,,,
59085,0.196885272860527,0.176116526126862,1.07711017131805
59086,,,
59087,,,
59088,,,
59089,,,
59090,,,
59091,,,
59092,,,
59093,,,
59094,,,
59095,0.197001293301582,0.175900489091873,1.07783150672913
59096,,,
59097,,,
59098,,,
59099,,,
59100,,,
59101,,,
59102,,,
59103,,,
59104,,,
59105,0.197054445743561,0.175634458661079,1.07841312885284
59106,,,
59107,,,
59108,,,
59109,,,
59110,,,
59111,,,
59112,,,
59113,,,
59114,,,
59115,,,
59116,,,
59117,0.197116762399673,0.175361171364784,1.0789749622345
59118,,,
59119,,,
59120,,,
59121,,,
59122,,,
59123,,,
59124,,,
59125,,,
59126,,,
59127,,,
59128,,,
59129,,,
59130,,,
59131,0.197204113006592,0.175067767500877,1.07939183712006
59132,,,
59133,,,
59134,,,
59135,,,
59136,,,
59137,,,
59138,,,
59139,,,
59140,,,
59141,0.197166696190834,0.174851953983307,1.07990336418152
59142,,,
59143,,,
59144,,,
59145,,,
59146,,,
59147,,,
59148,,,
59149,,,
59150,,,
59151,0.197278961539269,0.174669116735458,1.08040070533752
59152,,,
59153,,,
59154,,,
59155,,,
59156,,,
59157,,,
59158,,,
59159,,,
59160,,,
59161,0.197435677051544,0.174458667635918,1.08103883266449
59162,,,
59163,,,
59164,,,
59165,,,
59166,,,
59167,,,
59168,,,
59169,,,
59170,,,
59171,0.197457164525986,0.174226880073547,1.08119451999664
59172,,,
59173,,,
59174,,,
59175,,,
59176,,,
59177,,,
59178,,,
59179,,,
59180,,,
59181,,,
59182,,,
59183,,,
59184,,,
59185,0.197435602545738,0.174074545502663,1.08179354667664
59186,,,
59187,,,
59188,,,
59189,,,
59190,,,
59191,,,
59192,,,
59193,,,
59194,,,
59195,0.197533786296844,0.173868030309677,1.08212983608246
59196,,,
59197,,,
59198,,,
59199,,,
59200,,,
59201,,,
59202,,,
59203,,,
59204,,,
59205,,,
59206,,,
59207,,,
59208,0.197547435760498,0.173686698079109,1.08266878128052
59209,,,
59210,,,
59211,,,
59212,,,
59213,,,
59214,,,
59215,,,
59216,,,
59217,,,
59218,0.197709366679192,0.173383727669716,1.08279144763947
59219,,,
59220,,,
59221,,,
59222,,,
59223,,,
59224,,,
59225,,,
59226,,,
59227,,,
59228,0.19793364405632,0.173176169395447,1.08308410644531
59229,,,
59230,,,
59231,,,
59232,,,
59233,,,
59234,,,
59235,,,
59236,,,
59237,,,
59238,,,
59239,,,
59240,,,
59241,,,
59242,,,
59243,,,
59244,0.197934702038765,0.173207566142082,1.08364033699036
59245,,,
59246,,,
59247,,,
59248,,,
59249,,,
59250,,,
59251,,,
59252,,,
59253,,,
59254,0.19787372648716,0.173018962144852,1.08387458324432
59255,,,
59256,,,
59257,,,
59258,,,
59259,,,
59260,,,
59261,,,
59262,,,
59263,,,
59264,,,
59265,,,
59266,0.197993651032448,0.172732457518578,1.08397340774536
59267,,,
59268,,,
59269,,,
59270,,,
59271,,,
59272,,,
59273,,,
59274,,,
59275,,,
59276,0.19797882437706,0.172435238957405,1.08421564102173
59277,,,
59278,,,
59279,,,
59280,,,
59281,,,
59282,,,
59283,,,
59284,,,
59285,,,
59286,0.198040515184402,0.172312691807747,1.08442533016205
59287,,,
59288,,,
59289,,,
59290,,,
59291,,,
59292,,,
59293,,,
59294,,,
59295,,,
59296,,,
59297,,,
59298,,,
59299,,,
59300,,,
59301,,,
59302,,,
59303,0.198065459728241,0.172124281525612,1.08462536334991
59304,,,
59305,,,
59306,,,
59307,,,
59308,,,
59309,,,
59310,,,
59311,,,
59312,,,
59313,0.198150709271431,0.172004014253616,1.08473861217499
59314,,,
59315,,,
59316,,,
59317,,,
59318,,,
59319,,,
59320,,,
59321,,,
59322,,,
59323,0.198264479637146,0.171936064958572,1.08494353294373
59324,,,
59325,,,
59326,,,
59327,,,
59328,,,
59329,,,
59330,,,
59331,,,
59332,,,
59333,,,
59334,,,
59335,,,
59336,,,
59337,,,
59338,0.19829848408699,0.171848192811012,1.08513152599335
59339,,,
59340,,,
59341,,,
59342,,,
59343,,,
59344,,,
59345,,,
59346,,,
59347,,,
59348,0.198356464505196,0.171785399317741,1.08528470993042
59349,,,
59350,,,
59351,,,
59352,,,
59353,,,
59354,,,
59355,,,
59356,,,
59357,,,
59358,0.19838935136795,0.171727076172829,1.08552300930023
59359,,,
59360,,,
59361,,,
59362,,,
59363,,,
59364,,,
59365,,,
59366,,,
59367,,,
59368,,,
59369,,,
59370,,,
59371,,,
59372,,,
59373,,,
59374,,,
59375,0.198416322469711,0.171705931425095,1.08579182624817
59376,,,
59377,,,
59378,,,
59379,,,
59380,,,
59381,,,
59382,,,
59383,,,
59384,,,
59385,,,
59386,0.198482230305672,0.171616345643997,1.08604800701141
59387,,,
59388,,,
59389,,,
59390,,,
59391,,,
59392,,,
59393,,,
59394,,,
59395,,,
59396,0.198551490902901,0.171575874090195,1.08618938922882
59397,,,
59398,,,
59399,,,
59400,,,
59401,,,
59402,,,
59403,,,
59404,,,
59405,,,
59406,0.19865907728672,0.171574756503105,1.08638513088226
59407,,,
59408,,,
59409,,,
59410,,,
59411,,,
59412,,,
59413,,,
59414,,,
59415,,,
59416,0.198706179857254,0.171620711684227,1.0865204334259
59417,,,
59418,,,
59419,,,
59420,,,
59421,,,
59422,,,
59423,,,
59424,,,
59425,,,
59426,,,
59427,,,
59428,,,
59429,,,
59430,0.198749899864197,0.171619161963463,1.08660542964935
59431,,,
59432,,,
59433,,,
59434,,,
59435,,,
59436,,,
59437,,,
59438,,,
59439,,,
59440,0.198800832033157,0.171668082475662,1.08674049377441
59441,,,
59442,,,
59443,,,
59444,,,
59445,,,
59446,,,
59447,,,
59448,,,
59449,,,
59450,,,
59451,,,
59452,,,
59453,,,
59454,,,
59455,0.198823988437653,0.171760842204094,1.08687162399292
59456,,,
59457,,,
59458,,,
59459,,,
59460,,,
59461,,,
59462,,,
59463,,,
59464,,,
59465,0.198865801095962,0.171803399920464,1.08690690994263
59466,,,
59467,,,
59468,,,
59469,,,
59470,,,
59471,,,
59472,,,
59473,,,
59474,,,
59475,0.198903724551201,0.171803444623947,1.08691048622131
59476,,,
59477,,,
59478,,,
59479,,,
59480,,,
59481,,,
59482,,,
59483,,,
59484,,,
59485,,,
59486,,,
59487,0.198921635746956,0.171839460730553,1.08695578575134
59488,,,
59489,,,
59490,,,
59491,,,
59492,,,
59493,,,
59494,,,
59495,,,
59496,,,
59497,0.19893990457058,0.171914592385292,1.08698403835297
59498,,,
59499,,,
59500,,,
59501,,,
59502,,,
59503,,,
59504,,,
59505,,,
59506,,,
59507,0.198901161551476,0.172020882368088,1.08696949481964
59508,,,
59509,,,
59510,,,
59511,,,
59512,,,
59513,,,
59514,,,
59515,,,
59516,,,
59517,,,
59518,,,
59519,,,
59520,,,
59521,,,
59522,0.198968544602394,0.172065481543541,1.08693516254425
59523,,,
59524,,,
59525,,,
59526,,,
59527,,,
59528,,,
59529,,,
59530,,,
59531,,,
59532,0.199009343981743,0.172118946909904,1.08692812919617
59533,,,
59534,,,
59535,,,
59536,,,
59537,,,
59538,,,
59539,,,
59540,,,
59541,,,
59542,0.199008569121361,0.172214031219482,1.08692872524261
59543,,,
59544,,,
59545,,,
59546,,,
59547,,,
59548,,,
59549,,,
59550,,,
59551,,,
59552,,,
59553,,,
59554,0.19909793138504,0.172280430793762,1.08692336082459
59555,,,
59556,,,
59557,,,
59558,,,
59559,,,
59560,,,
59561,,,
59562,,,
59563,,,
59564,0.199114173650742,0.172293812036514,1.08694922924042
59565,,,
59566,,,
59567,,,
59568,,,
59569,,,
59570,,,
59571,,,
59572,,,
59573,,,
59574,,,
59575,,,
59576,,,
59577,,,
59578,,,
59579,0.199155271053314,0.172318413853645,1.08694541454315
59580,,,
59581,,,
59582,,,
59583,,,
59584,,,
59585,,,
59586,,,
59587,,,
59588,,,
59589,,,
59590,0.199191063642502,0.172385200858116,1.08706498146057
59591,,,
59592,,,
59593,,,
59594,,,
59595,,,
59596,,,
59597,,,
59598,,,
59599,,,
59600,,,
59601,0.199290722608566,0.172431975603104,1.08709108829498
59602,,,
59603,,,
59604,,,
59605,,,
59606,,,
59607,,,
59608,,,
59609,,,
59610,,,
59611,,,
59612,,,
59613,,,
59614,,,
59615,0.199385985732078,0.172515362501144,1.08719348907471
59616,,,
59617,,,
59618,,,
59619,,,
59620,,,
59621,,,
59622,,,
59623,,,
59624,,,
59625,0.199477151036262,0.172553226351738,1.08723974227905
59626,,,
59627,,,
59628,,,
59629,,,
59630,,,
59631,,,
59632,,,
59633,,,
59634,,,
59635,0.199641704559326,0.172522693872452,1.08724367618561
59636,,,
59637,,,
59638,,,
59639,,,
59640,,,
59641,,,
59642,,,
59643,,,
59644,,,
59645,,,
59646,,,
59647,,,
59648,,,
59649,0.1998530626297,0.172471106052399,1.08732569217682
59650,,,
59651,,,
59652,,,
59653,,,
59654,,,
59655,,,
59656,,,
59657,,,
59658,,,
59659,0.200049877166748,0.172427132725716,1.08737468719482
59660,,,
59661,,,
59662,,,
59663,,,
59664,,,
59665,,,
59666,,,
59667,,,
59668,,,
59669,0.200176700949669,0.172380238771439,1.08742094039917
59670,,,
59671,,,
59672,,,
59673,,,
59674,,,
59675,,,
59676,,,
59677,,,
59678,,,
59679,,,
59680,,,
59681,,,
59682,,,
59683,0.200343504548073,0.172284051775932,1.0874217748642
59684,,,
59685,,,
59686,,,
59687,,,
59688,,,
59689,,,
59690,,,
59691,,,
59692,,,
59693,,,
59694,0.200478911399841,0.17220364511013,1.08743023872375
59695,,,
59696,,,
59697,,,
59698,,,
59699,,,
59700,,,
59701,,,
59702,,,
59703,,,
59704,,,
59705,,,
59706,,,
59707,,,
59708,0.200554266571999,0.172144830226898,1.08747172355652
59709,,,
59710,,,
59711,,,
59712,,,
59713,,,
59714,,,
59715,,,
59716,,,
59717,,,
59718,0.200665205717087,0.172111764550209,1.08762276172638
59719,,,
59720,,,
59721,,,
59722,,,
59723,,,
59724,,,
59725,,,
59726,,,
59727,,,
59728,0.200862139463425,0.171989008784294,1.0876384973526
59729,,,
59730,,,
59731,,,
59732,,,
59733,,,
59734,,,
59735,,,
59736,,,
59737,,,
59738,,,
59739,,,
59740,0.201003834605217,0.171868786215782,1.08775687217712
59741,,,
59742,,,
59743,,,
59744,,,
59745,,,
59746,,,
59747,,,
59748,,,
59749,,,
59750,0.201209545135498,0.171796888113022,1.08779406547546
59751,,,
59752,,,
59753,,,
59754,,,
59755,,,
59756,,,
59757,,,
59758,,,
59759,,,
59760,0.201291814446449,0.171882659196854,1.088019490242
59761,,,
59762,,,
59763,,,
59764,,,
59765,,,
59766,,,
59767,,,
59768,,,
59769,,,
59770,,,
59771,,,
59772,,,
59773,,,
59774,0.201388373970985,0.171822145581245,1.08808279037476
59775,,,
59776,,,
59777,,,
59778,,,
59779,,,
59780,,,
59781,,,
59782,,,
59783,,,
59784,0.201536059379578,0.171690106391907,1.08800160884857
59785,,,
59786,,,
59787,,,
59788,,,
59789,,,
59790,,,
59791,,,
59792,,,
59793,,,
59794,,,
59795,,,
59796,0.201550334692001,0.171625435352325,1.08800113201141
59797,,,
59798,,,
59799,,,
59800,,,
59801,,,
59802,,,
59803,,,
59804,,,
59805,,,
59806,0.201662927865982,0.171534150838852,1.0879739522934
59807,,,
59808,,,
59809,,,
59810,,,
59811,,,
59812,,,
59813,,,
59814,,,
59815,,,
59816,0.201754048466682,0.171458601951599,1.08798480033875
59817,,,
59818,,,
59819,,,
59820,,,
59821,,,
59822,,,
59823,,,
59824,,,
59825,,,
59826,,,
59827,,,
59828,,,
59829,,,
59830,,,
59831,0.201866030693054,0.171370521187782,1.0879784822464
59832,,,
59833,,,
59834,,,
59835,,,
59836,,,
59837,,,
59838,,,
59839,,,
59840,,,
59841,,,
59842,,,
59843,0.202008947730064,0.171304419636726,1.08794975280762
59844,,,
59845,,,
59846,,,
59847,,,
59848,,,
59849,,,
59850,,,
59851,,,
59852,,,
59853,,,
59854,,,
59855,0.202188387513161,0.171105146408081,1.08792662620544
59856,,,
59857,,,
59858,,,
59859,,,
59860,,,
59861,,,
59862,,,
59863,,,
59864,,,
59865,0.202301830053329,0.171104297041893,1.08788514137268
59866,,,
59867,,,
59868,,,
59869,,,
59870,,,
59871,,,
59872,,,
59873,,,
59874,,,
59875,,,
59876,0.202452167868614,0.170974910259247,1.08784961700439
59877,,,
59878,,,
59879,,,
59880,,,
59881,,,
59882,,,
59883,,,
59884,,,
59885,,,
59886,0.202656298875809,0.170807078480721,1.08777701854706
59887,,,
59888,,,
59889,,,
59890,,,
59891,,,
59892,,,
59893,,,
59894,,,
59895,,,
59896,,,
59897,,,
59898,,,
59899,,,
59900,,,
59901,,,
59902,,,
59903,0.202869445085525,0.170660808682442,1.08765316009521
59904,,,
59905,,,
59906,,,
59907,,,
59908,,,
59909,,,
59910,,,
59911,,,
59912,,,
59913,0.203004568815231,0.170594185590744,1.08754372596741
59914,,,
59915,,,
59916,,,
59917,,,
59918,,,
59919,,,
59920,,,
59921,,,
59922,,,
59923,,,
59924,,,
59925,0.203145489096642,0.170426368713379,1.08745157718658
59926,,,
59927,,,
59928,,,
59929,,,
59930,,,
59931,,,
59932,,,
59933,,,
59934,,,
59935,0.203349217772484,0.170201495289803,1.08718419075012
59936,,,
59937,,,
59938,,,
59939,,,
59940,,,
59941,,,
59942,,,
59943,,,
59944,,,
59945,0.20341819524765,0.170232355594635,1.08718156814575
59946,,,
59947,,,
59948,,,
59949,,,
59950,,,
59951,,,
59952,,,
59953,,,
59954,,,
59955,,,
59956,,,
59957,,,
59958,,,
59959,,,
59960,,,
59961,,,
59962,0.203515708446503,0.170144066214561,1.08713245391846
59963,,,
59964,,,
59965,,,
59966,,,
59967,,,
59968,,,
59969,,,
59970,,,
59971,,,
59972,,,
59973,0.203662931919098,0.170082032680512,1.08709275722504
59974,,,
59975,,,
59976,,,
59977,,,
59978,,,
59979,,,
59980,,,
59981,,,
59982,,,
59983,,,
59984,0.203871235251427,0.169975996017456,1.08694577217102
59985,,,
59986,,,
59987,,,
59988,,,
59989,,,
59990,,,
59991,,,
59992,,,
59993,,,
59994,0.204081699252129,0.169881820678711,1.08682405948639
59995,,,
59996,,,
59997,,,
59998,,,
59999,,,
60000,,,
60001,,,
60002,,,
60003,,,
60004,0.20425309240818,0.169794037938118,1.08674895763397
60005,,,
60006,,,
60007,,,
60008,,,
60009,,,
60010,,,
60011,,,
60012,,,
60013,,,
60014,0.204394981265068,0.16971842944622,1.08674168586731
60015,,,
60016,,,
60017,,,
60018,,,
60019,,,
60020,,,
60021,,,
60022,,,
60023,,,
60024,0.204582825303078,0.16962893307209,1.08669459819794
60025,,,
60026,,,
60027,,,
60028,,,
60029,,,
60030,,,
60031,,,
60032,,,
60033,,,
60034,,,
60035,,,
60036,,,
60037,,,
60038,0.20475609600544,0.169506430625916,1.08668982982636
60039,,,
60040,,,
60041,,,
60042,,,
60043,,,
60044,,,
60045,,,
60046,,,
60047,,,
60048,,,
60049,,,
60050,0.204967066645622,0.169329166412354,1.08661735057831
60051,,,
60052,,,
60053,,,
60054,,,
60055,,,
60056,,,
60057,,,
60058,,,
60059,,,
60060,0.205264493823051,0.1692034304142,1.08655273914337
60061,,,
60062,,,
60063,,,
60064,,,
60065,,,
60066,,,
60067,,,
60068,,,
60069,,,
60070,0.205496236681938,0.169059976935387,1.08652365207672
60071,,,
60072,,,
60073,,,
60074,,,
60075,,,
60076,,,
60077,,,
60078,,,
60079,,,
60080,,,
60081,,,
60082,0.205807581543922,0.168979465961456,1.0863915681839
60083,,,
60084,,,
60085,,,
60086,,,
60087,,,
60088,,,
60089,,,
60090,,,
60091,,,
60092,,,
60093,,,
60094,,,
60095,,,
60096,0.206099852919578,0.16894294321537,1.0863870382309
60097,,,
60098,,,
60099,,,
60100,,,
60101,,,
60102,,,
60103,,,
60104,,,
60105,,,
60106,,,
60107,,,
60108,0.206257104873657,0.168875485658646,1.08631110191345
60109,,,
60110,,,
60111,,,
60112,,,
60113,,,
60114,,,
60115,,,
60116,,,
60117,,,
60118,0.206512838602066,0.168841168284416,1.08637130260468
60119,,,
60120,,,
60121,,,
60122,,,
60123,,,
60124,,,
60125,,,
60126,,,
60127,,,
60128,0.206801205873489,0.168713465332985,1.08626353740692
60129,,,
60130,,,
60131,,,
60132,,,
60133,,,
60134,,,
60135,,,
60136,,,
60137,,,
60138,0.207004472613335,0.168679252266884,1.0862637758255
60139,,,
60140,,,
60141,,,
60142,,,
60143,,,
60144,,,
60145,,,
60146,,,
60147,,,
60148,,,
60149,,,
60150,,,
60151,,,
60152,,,
60153,,,
60154,,,
60155,0.207330629229546,0.168539866805077,1.08613336086273
60156,,,
60157,,,
60158,,,
60159,,,
60160,,,
60161,,,
60162,,,
60163,,,
60164,,,
60165,0.207544609904289,0.168493494391441,1.08620655536652
60166,,,
60167,,,
60168,,,
60169,,,
60170,,,
60171,,,
60172,,,
60173,,,
60174,,,
60175,,,
60176,,,
60177,0.207839339971542,0.168407157063484,1.0862762928009
60178,,,
60179,,,
60180,,,
60181,,,
60182,,,
60183,,,
60184,,,
60185,,,
60186,,,
60187,0.208218038082123,0.168251380324364,1.08628630638123
60188,,,
60189,,,
60190,,,
60191,,,
60192,,,
60193,,,
60194,,,
60195,,,
60196,,,
60197,,,
60198,0.208544865250587,0.168164685368538,1.08622932434082
60199,,,
60200,,,
60201,,,
60202,,,
60203,,,
60204,,,
60205,,,
60206,,,
60207,,,
60208,,,
60209,,,
60210,,,
60211,,,
60212,,,
60213,,,
60214,,,
60215,,,
60216,,,
60217,0.208906605839729,0.167977213859558,1.08611655235291
60218,,,
60219,,,
60220,,,
60221,,,
60222,,,
60223,,,
60224,,,
60225,,,
60226,,,
60227,0.209196493029594,0.167949214577675,1.08612143993378
60228,,,
60229,,,
60230,,,
60231,,,
60232,,,
60233,,,
60234,,,
60235,,,
60236,,,
60237,,,
60238,,,
60239,0.209549322724342,0.167816877365112,1.08610916137695
60240,,,
60241,,,
60242,,,
60243,,,
60244,,,
60245,,,
60246,,,
60247,,,
60248,,,
60249,0.209908545017242,0.167631164193153,1.08617842197418
60250,,,
60251,,,
60252,,,
60253,,,
60254,,,
60255,,,
60256,,,
60257,,,
60258,,,
60259,0.21027834713459,0.167587414383888,1.08615398406982
60260,,,
60261,,,
60262,,,
60263,,,
60264,,,
60265,,,
60266,,,
60267,,,
60268,,,
60269,0.210529014468193,0.167457535862923,1.08617782592773
60270,,,
60271,,,
60272,,,
60273,,,
60274,,,
60275,,,
60276,,,
60277,,,
60278,,,
60279,,,
60280,,,
60281,,,
60282,,,
60283,,,
60284,0.210756570100784,0.167378425598145,1.0862158536911
60285,,,
60286,,,
60287,,,
60288,,,
60289,,,
60290,,,
60291,,,
60292,,,
60293,,,
60294,0.210971102118492,0.167314171791077,1.0862785577774
60295,,,
60296,,,
60297,,,
60298,,,
60299,,,
60300,,,
60301,,,
60302,,,
60303,,,
60304,,,
60305,,,
60306,,,
60307,0.211255833506584,0.167095199227333,1.08618831634521
60308,,,
60309,,,
60310,,,
60311,,,
60312,,,
60313,,,
60314,,,
60315,,,
60316,,,
60317,0.211628004908562,0.166887685656548,1.08622014522553
60318,,,
60319,,,
60320,,,
60321,,,
60322,,,
60323,,,
60324,,,
60325,,,
60326,,,
60327,0.211992010474205,0.166670501232147,1.08633887767792
60328,,,
60329,,,
60330,,,
60331,,,
60332,,,
60333,,,
60334,,,
60335,,,
60336,,,
60337,,,
60338,,,
60339,0.212359204888344,0.166499987244606,1.08627307415009
60340,,,
60341,,,
60342,,,
60343,,,
60344,,,
60345,,,
60346,,,
60347,,,
60348,,,
60349,0.212634176015854,0.166393265128136,1.08634722232819
60350,,,
60351,,,
60352,,,
60353,,,
60354,,,
60355,,,
60356,,,
60357,,,
60358,,,
60359,,,
60360,,,
60361,,,
60362,,,
60363,0.212820380926132,0.166231080889702,1.08639967441559
60364,,,
60365,,,
60366,,,
60367,,,
60368,,,
60369,,,
60370,,,
60371,,,
60372,,,
60373,0.213204517960548,0.166031792759895,1.08632028102875
60374,,,
60375,,,
60376,,,
60377,,,
60378,,,
60379,,,
60380,,,
60381,,,
60382,,,
60383,,,
60384,0.213439464569092,0.165904015302658,1.08635091781616
60385,,,
60386,,,
60387,,,
60388,,,
60389,,,
60390,,,
60391,,,
60392,,,
60393,,,
60394,,,
60395,,,
60396,0.213746383786201,0.165708303451538,1.08631122112274
60397,,,
60398,,,
60399,,,
60400,,,
60401,,,
60402,,,
60403,,,
60404,,,
60405,,,
60406,0.213984623551369,0.165662631392479,1.08638310432434
60407,,,
60408,,,
60409,,,
60410,,,
60411,,,
60412,,,
60413,,,
60414,,,
60415,,,
60416,,,
60417,,,
60418,,,
60419,,,
60420,0.214237809181213,0.165471240878105,1.08638989925385
60421,,,
60422,,,
60423,,,
60424,,,
60425,,,
60426,,,
60427,,,
60428,,,
60429,,,
60430,0.214443698525429,0.165374562144279,1.08642745018005
60431,,,
60432,,,
60433,,,
60434,,,
60435,,,
60436,,,
60437,,,
60438,,,
60439,,,
60440,0.214695453643799,0.165230616927147,1.08639693260193
60441,0.214880600571632,0.165100172162056,1.0863698720932
60442,,,
60443,,,
60444,,,
60445,,,
60446,0.215194880962372,0.16495943069458,1.08626687526703
60447,,,
60448,,,
60449,,,
60450,,,
60451,,,
60452,,,
60453,,,
60454,,,
60455,,,
60456,,,
60457,,,
60458,,,
60459,,,
60460,,,
60461,,,
60462,,,
60463,,,
60464,,,
60465,,,
60466,,,
60467,,,
60468,,,
60469,,,
60470,,,
60471,,,
60472,,,
60473,,,
60474,,,
60475,,,
60476,,,
60477,0.215475961565971,0.164779454469681,1.08613288402557
60478,0.215639844536781,0.164654582738876,1.0860937833786
60479,,,
60480,,,
60481,,,
60482,,,
60483,,,
60484,,,
60485,,,
60486,,,
60487,,,
60488,,,
60489,,,
60490,,,
60491,,,
60492,,,
60493,,,
60494,,,
60495,,,
60496,,,
60497,,,
60498,,,
60499,,,
60500,,,
60501,,,
60502,,,
60503,,,
60504,,,
60505,,,
60506,,,
60507,,,
60508,,,
60509,,,
60510,,,
60511,,,
60512,,,
60513,,,
60514,,,
60515,,,
60516,,,
60517,,,
60518,,,
60519,,,
60520,,,
60521,,,
60522,,,
60523,,,
60524,,,
60525,,,
60526,,,
60527,,,
60528,,,
60529,,,
60530,,,
60531,,,
60532,,,
60533,,,
60534,,,
60535,,,
60536,,,
60537,,,
60538,,,
60539,,,
60540,,,
60541,,,
60542,,,
60543,,,
60544,,,
60545,,,
60546,,,
60547,,,
60548,,,
60549,0.215858355164528,0.164517745375633,1.08597803115845
60550,0.215986415743828,0.164484471082687,1.08591032028198
60551,0.216147795319557,0.164480865001678,1.08586955070496
60552,,,
60553,,,
60554,,,
60555,,,
60556,,,
60557,,,
60558,,,
60559,,,
60560,,,
60561,,,
60562,,,
60563,,,
60564,,,
60565,,,
60566,,,
60567,,,
60568,0.216376900672913,0.164412304759026,1.08580935001373
60569,0.216703787446022,0.164235755801201,1.08560979366303
60570,,,
60571,,,
60572,0.216911911964416,0.164166048169136,1.08551037311554
60573,0.217023059725761,0.164174109697342,1.08542203903198
60574,,,
60575,,,
60576,,,
60577,,,
60578,,,
60579,,,
60580,,,
60581,,,
60582,,,
60583,0.217142716050148,0.164133980870247,1.08527982234955
60584,,,
60585,,,
60586,,,
60587,,,
60588,,,
60589,,,
60590,,,
60591,,,
60592,,,
60593,,,
60594,0.217215210199356,0.164152175188065,1.0852415561676
60595,,,
60596,,,
60597,,,
60598,,,
60599,,,
60600,,,
60601,,,
60602,,,
60603,,,
60604,,,
60605,0.217269480228424,0.164122760295868,1.08521842956543
60606,,,
60607,,,
60608,,,
60609,,,
60610,,,
60611,,,
60612,,,
60613,,,
60614,,,
60615,0.217360734939575,0.164100304245949,1.08515286445618
60616,,,
60617,,,
60618,,,
60619,,,
60620,,,
60621,,,
60622,,,
60623,,,
60624,,,
60625,0.217387154698372,0.164105266332626,1.08514451980591
60626,,,
60627,,,
60628,,,
60629,,,
60630,,,
60631,,,
60632,,,
60633,,,
60634,,,
60635,,,
60636,0.217405796051025,0.164075210690498,1.08513295650482
60637,,,
60638,,,
60639,,,
60640,,,
60641,,,
60642,,,
60643,,,
60644,,,
60645,,,
60646,,,
60647,,,
60648,0.217429503798485,0.164090290665627,1.085129737854
60649,,,
60650,,,
60651,,,
60652,,,
60653,,,
60654,,,
60655,,,
60656,,,
60657,,,
60658,,,
60659,,,
60660,,,
60661,,,
60662,0.217462301254272,0.164090484380722,1.08512949943542
60663,,,
60664,,,
60665,,,
60666,,,
60667,,,
60668,,,
60669,,,
60670,,,
60671,,,
60672,0.217510387301445,0.164078861474991,1.08512794971466
60673,,,
60674,,,
60675,,,
60676,,,
60677,,,
60678,,,
60679,,,
60680,,,
60681,,,
60682,,,
60683,,,
60684,0.217569008469582,0.1640495210886,1.08508491516113
60685,,,
60686,,,
60687,,,
60688,,,
60689,,,
60690,,,
60691,,,
60692,,,
60693,,,
60694,0.217646613717079,0.164047688245773,1.08509147167206
60695,,,
60696,,,
60697,,,
60698,,,
60699,,,
60700,,,
60701,,,
60702,,,
60703,,,
60704,,,
60705,,,
60706,0.217730641365051,0.164009809494019,1.08500325679779
60707,,,
60708,,,
60709,,,
60710,,,
60711,,,
60712,,,
60713,,,
60714,,,
60715,,,
60716,,,
60717,,,
60718,,,
60719,,,
60720,,,
60721,0.217803746461868,0.163996651768684,1.08495724201202
60722,,,
60723,,,
60724,,,
60725,,,
60726,,,
60727,,,
60728,,,
60729,,,
60730,,,
60731,0.217850983142853,0.164001554250717,1.08495140075684
60732,,,
60733,,,
60734,,,
60735,,,
60736,,,
60737,,,
60738,,,
60739,,,
60740,,,
60741,,,
60742,,,
60743,0.217925772070885,0.164079248905182,1.08495652675629
60744,,,
60745,,,
60746,,,
60747,,,
60748,,,
60749,,,
60750,,,
60751,,,
60752,,,
60753,0.217928156256676,0.164100214838982,1.08501625061035
60754,,,
60755,,,
60756,,,
60757,,,
60758,,,
60759,,,
60760,,,
60761,,,
60762,,,
60763,0.218033015727997,0.164106786251068,1.08513045310974
60764,,,
60765,,,
60766,,,
60767,,,
60768,,,
60769,,,
60770,,,
60771,,,
60772,,,
60773,,,
60774,,,
60775,,,
60776,,,
60777,,,
60778,,,
60779,,,
60780,0.218203842639923,0.164117351174355,1.08507120609283
60781,,,
60782,,,
60783,,,
60784,,,
60785,,,
60786,,,
60787,,,
60788,,,
60789,,,
60790,0.21817821264267,0.164165526628494,1.08516001701355
60791,,,
60792,,,
60793,,,
60794,,,
60795,,,
60796,,,
60797,,,
60798,,,
60799,,,
60800,0.218167081475258,0.164219856262207,1.08523070812225
60801,,,
60802,,,
60803,,,
60804,,,
60805,,,
60806,,,
60807,,,
60808,,,
60809,,,
60810,,,
60811,,,
60812,0.218165650963783,0.164217799901962,1.08524465560913
60813,,,
60814,,,
60815,,,
60816,,,
60817,,,
60818,,,
60819,,,
60820,,,
60821,,,
60822,0.218172609806061,0.164229288697243,1.08529651165009
60823,,,
60824,,,
60825,,,
60826,,,
60827,,,
60828,,,
60829,,,
60830,,,
60831,,,
60832,0.218133598566055,0.164265468716621,1.08539819717407
60833,,,
60834,,,
60835,,,
60836,,,
60837,,,
60838,,,
60839,,,
60840,,,
60841,,,
60842,,,
60843,,,
60844,,,
60845,,,
60846,,,
60847,0.218093812465668,0.164265230298042,1.0854948759079
60848,,,
60849,,,
60850,,,
60851,,,
60852,,,
60853,,,
60854,,,
60855,,,
60856,,,
60857,0.218069612979889,0.164337277412415,1.08561408519745
60858,,,
60859,,,
60860,,,
60861,,,
60862,,,
60863,,,
60864,,,
60865,,,
60866,,,
60867,,,
60868,,,
60869,0.218060329556465,0.16435594856739,1.08575594425201
60870,,,
60871,,,
60872,,,
60873,,,
60874,,,
60875,,,
60876,,,
60877,,,
60878,,,
60879,0.218062683939934,0.164339005947113,1.08583235740662
60880,,,
60881,,,
60882,,,
60883,,,
60884,,,
60885,,,
60886,,,
60887,,,
60888,,,
60889,,,
60890,,,
60891,0.218060165643692,0.164391249418259,1.08602058887482
60892,,,
60893,,,
60894,,,
60895,,,
60896,,,
60897,,,
60898,,,
60899,,,
60900,,,
60901,0.218059167265892,0.16440723836422,1.08611595630646
60902,,,
60903,,,
60904,,,
60905,,,
60906,,,
60907,,,
60908,,,
60909,,,
60910,,,
60911,0.218053475022316,0.164446726441383,1.08618795871735
60912,,,
60913,,,
60914,,,
60915,,,
60916,,,
60917,,,
60918,,,
60919,,,
60920,,,
60921,,,
60922,,,
60923,,,
60924,,,
60925,,,
60926,,,
60927,0.218055918812752,0.16449473798275,1.08639621734619
60928,,,
60929,,,
60930,,,
60931,,,
60932,,,
60933,,,
60934,,,
60935,,,
60936,,,
60937,0.218135371804237,0.164512559771538,1.0865889787674
60938,,,
60939,,,
60940,,,
60941,,,
60942,,,
60943,,,
60944,,,
60945,,,
60946,,,
60947,,,
60948,,,
60949,,,
60950,0.218109220266342,0.164518460631371,1.08676636219025
60951,,,
60952,,,
60953,,,
60954,,,
60955,,,
60956,,,
60957,,,
60958,,,
60959,,,
60960,0.218109145760536,0.164574980735779,1.08684885501862
60961,,,
60962,,,
60963,,,
60964,,,
60965,,,
60966,,,
60967,,,
60968,,,
60969,,,
60970,0.218162849545479,0.164651036262512,1.08701193332672
60971,,,
60972,,,
60973,,,
60974,,,
60975,,,
60976,,,
60977,,,
60978,,,
60979,,,
60980,,,
60981,,,
60982,,,
60983,,,
60984,0.21808235347271,0.16484309732914,1.08731472492218
60985,,,
60986,,,
60987,,,
60988,,,
60989,,,
60990,,,
60991,,,
60992,,,
60993,,,
60994,,,
60995,,,
60996,0.217994660139084,0.164885997772217,1.08756768703461
60997,,,
60998,,,
60999,,,
61000,,,
61001,,,
61002,,,
61003,,,
61004,,,
61005,,,
61006,0.21795754134655,0.164976879954338,1.08771920204163
61007,,,
61008,,,
61009,,,
61010,,,
61011,,,
61012,,,
61013,,,
61014,,,
61015,,,
61016,,,
61017,,,
61018,0.218015238642693,0.16501048207283,1.08785355091095
61019,,,
61020,,,
61021,,,
61022,,,
61023,,,
61024,,,
61025,,,
61026,,,
61027,,,
61028,0.218067407608032,0.165151804685593,1.08806192874908
61029,,,
61030,,,
61031,,,
61032,,,
61033,,,
61034,,,
61035,,,
61036,,,
61037,,,
61038,,,
61039,,,
61040,,,
61041,,,
61042,0.218047365546226,0.165439069271088,1.08824300765991
61043,,,
61044,,,
61045,,,
61046,,,
61047,,,
61048,,,
61049,,,
61050,,,
61051,,,
61052,,,
61053,,,
61054,0.217993155121803,0.165581375360489,1.08834147453308
61055,,,
61056,,,
61057,,,
61058,,,
61059,,,
61060,,,
61061,,,
61062,,,
61063,,,
61064,0.217984095215797,0.165690243244171,1.08837068080902
61065,,,
61066,,,
61067,,,
61068,,,
61069,,,
61070,,,
61071,,,
61072,,,
61073,,,
61074,,,
61075,,,
61076,0.21803916990757,0.165807366371155,1.08841383457184
61077,,,
61078,,,
61079,,,
61080,,,
61081,,,
61082,,,
61083,,,
61084,,,
61085,,,
61086,,,
61087,0.218027859926224,0.165979892015457,1.08857214450836
61088,,,
61089,,,
61090,,,
61091,,,
61092,,,
61093,,,
61094,,,
61095,,,
61096,0.218070074915886,0.166097909212112,1.08864939212799
61097,,,
61098,,,
61099,,,
61100,,,
61101,,,
61102,,,
61103,,,
61104,,,
61105,,,
61106,,,
61107,,,
61108,,,
61109,,,
61110,,,
61111,,,
61112,,,
61113,,,
61114,0.218044102191925,0.16633166372776,1.08876800537109
61115,,,
61116,,,
61117,,,
61118,,,
61119,,,
61120,,,
61121,,,
61122,,,
61123,,,
61124,0.217974111437798,0.166410401463509,1.08885991573334
61125,,,
61126,,,
61127,,,
61128,,,
61129,,,
61130,,,
61131,,,
61132,,,
61133,,,
61134,0.218061327934265,0.166543588042259,1.0889128446579
61135,,,
61136,,,
61137,,,
61138,,,
61139,,,
61140,,,
61141,,,
61142,,,
61143,,,
61144,,,
61145,,,
61146,0.218006372451782,0.166825920343399,1.08901119232178
61147,,,
61148,,,
61149,,,
61150,,,
61151,,,
61152,,,
61153,,,
61154,,,
61155,,,
61156,0.217916861176491,0.167088910937309,1.08905518054962
61157,,,
61158,,,
61159,,,
61160,,,
61161,,,
61162,,,
61163,,,
61164,,,
61165,,,
61166,0.217799499630928,0.167390301823616,1.08903694152832
61167,,,
61168,,,
61169,,,
61170,,,
61171,,,
61172,,,
61173,,,
61174,,,
61175,,,
61176,,,
61177,,,
61178,,,
61179,,,
61180,,,
61181,,,
61182,,,
61183,0.217682465910912,0.167639598250389,1.08912074565887
61184,,,
61185,,,
61186,,,
61187,,,
61188,,,
61189,,,
61190,,,
61191,,,
61192,,,
61193,0.217551425099373,0.167914822697639,1.08906948566437
61194,,,
61195,,,
61196,,,
61197,,,
61198,,,
61199,,,
61200,,,
61201,,,
61202,,,
61203,,,
61204,0.217429623007774,0.168286576867104,1.0891181230545
61205,,,
61206,,,
61207,,,
61208,,,
61209,,,
61210,,,
61211,,,
61212,,,
61213,,,
61214,,,
61215,,,
61216,,,
61217,,,
61218,,,
61219,,,
61220,,,
61221,,,
61222,,,
61223,0.217387139797211,0.168511360883713,1.08905696868896
61224,0.217297747731209,0.168968930840492,1.08908927440643
61225,,,
61226,,,
61227,,,
61228,,,
61229,,,
61230,,,
61231,,,
61232,,,
61233,,,
61234,,,
61235,,,
61236,,,
61237,,,
61238,,,
61239,0.217195883393288,0.169274732470512,1.08902621269226
61240,,,
61241,,,
61242,,,
61243,,,
61244,,,
61245,,,
61246,,,
61247,,,
61248,,,
61249,,,
61250,0.217133313417435,0.169531211256981,1.08893609046936
61251,,,
61252,,,
61253,,,
61254,,,
61255,,,
61256,,,
61257,,,
61258,,,
61259,,,
61260,,,
61261,,,
61262,0.216994509100914,0.169775158166885,1.08895695209503
61263,,,
61264,,,
61265,,,
61266,,,
61267,,,
61268,,,
61269,,,
61270,,,
61271,,,
61272,0.216891258955002,0.170189186930656,1.08897972106934
61273,,,
61274,,,
61275,,,
61276,,,
61277,,,
61278,,,
61279,,,
61280,,,
61281,,,
61282,0.216686725616455,0.170540124177933,1.08895540237427
61283,,,
61284,,,
61285,,,
61286,,,
61287,,,
61288,,,
61289,,,
61290,,,
61291,,,
61292,0.216597303748131,0.170924454927444,1.0888375043869
61293,,,
61294,,,
61295,,,
61296,,,
61297,,,
61298,,,
61299,,,
61300,,,
61301,,,
