0.535433,0.480315,0.496063,0.625984,0.42126,0.307087,0.220472,0.433071,0.5,0.212598,0.38189,0.283465,0.366142,0,0.283465,0.405512,0.397638,0.291339,0.228346,0.42126,0.531496,0.145669
0.535433,0.480315,0.496063,0.622047,0.405512,0.291339,0.224409,0.444882,0.503937,0.216535,0.346457,0.291339,0.370079,0,0.283465,0.405512,0.401575,0.291339,0.228346,0.42126,0.535433,0.141732
0.53937,0.480315,0.496063,0.622047,0.405512,0.287402,0.224409,0.452756,0.507874,0.216535,0.34252,0.295276,0.374016,0,0.283465,0.405512,0.401575,0.291339,0.228346,0.42126,0.53937,0.141732
0.53937,0.480315,0.496063,0.622047,0.405512,0.283465,0.224409,0.452756,0.507874,0.216535,0.34252,0.299213,0.374016,0,0.283465,0.409449,0.401575,0.295276,0.228346,0.42126,0.543307,0.137795
0.53937,0.480315,0.496063,0.622047,0.409449,0.283465,0.224409,0.456693,0.507874,0.216535,0.34252,0.30315,0.374016,0,0.283465,0.409449,0.401575,0.295276,0.228346,0.42126,0.543307,0.137795
0.53937,0.480315,0.496063,0.622047,0.409449,0.283465,0.224409,0.46063,0.507874,0.216535,0.34252,0.30315,0.374016,0,0.283465,0.409449,0.401575,0.295276,0.228346,0.42126,0.543307,0.137795
0.53937,0.480315,0.496063,0.622047,0.413386,0.283465,0.224409,0.464567,0.507874,0.216535,0.346457,0.30315,0.374016,0,0.287402,0.409449,0.401575,0.295276,0.228346,0.42126,0.543307,0.137795
0.53937,0.480315,0.496063,0.622047,0.413386,0.283465,0.224409,0.464567,0.507874,0.216535,0.350394,0.307087,0.374016,0,0.287402,0.409449,0.401575,0.295276,0.228346,0.42126,0.543307,0.137795
0.53937,0.480315,0.496063,0.622047,0.417323,0.283465,0.224409,0.468504,0.507874,0.216535,0.354331,0.307087,0.374016,0,0.287402,0.409449,0.401575,0.295276,0.232283,0.42126,0.543307,0.137795
0.53937,0.480315,0.496063,0.622047,0.417323,0.283465,0.224409,0.472441,0.507874,0.216535,0.354331,0.311024,0.374016,0,0.287402,0.409449,0.401575,0.295276,0.232283,0.417323,0.547244,0.137795
0.53937,0.480315,0.496063,0.622047,0.417323,0.287402,0.224409,0.476378,0.507874,0.216535,0.354331,0.314961,0.374016,0,0.287402,0.409449,0.401575,0.295276,0.232283,0.417323,0.547244,0.141732
0.53937,0.480315,0.496063,0.622047,0.429134,0.287402,0.224409,0.492126,0.507874,0.216535,0.366142,0.326772,0.374016,0,0.295276,0.413386,0.401575,0.295276,0.232283,0.417323,0.547244,0.141732
0.53937,0.480315,0.496063,0.622047,0.437008,0.291339,0.224409,0.496063,0.519685,0.212598,0.374016,0.362205,0.409449,0,0.30315,0.42126,0.401575,0.295276,0.23622,0.417323,0.547244,0.141732
0.53937,0.480315,0.496063,0.622047,0.440945,0.295276,0.224409,0.5,0.519685,0.212598,0.377953,0.377953,0.444882,0,0.299213,0.440945,0.397638,0.295276,0.248031,0.413386,0.547244,0.141732
0.53937,0.480315,0.5,0.622047,0.448819,0.299213,0.224409,0.503937,0.523622,0.216535,0.385827,0.385827,0.452756,0,0.299213,0.444882,0.401575,0.295276,0.248031,0.409449,0.547244,0.141732
0.53937,0.480315,0.5,0.622047,0.452756,0.299213,0.224409,0.503937,0.523622,0.216535,0.389764,0.385827,0.448819,0,0.295276,0.444882,0.401575,0.295276,0.248031,0.409449,0.547244,0.141732
0.53937,0.480315,0.5,0.622047,0.452756,0.30315,0.224409,0.503937,0.523622,0.216535,0.389764,0.385827,0.444882,0,0.291339,0.444882,0.401575,0.295276,0.248031,0.409449,0.547244,0.141732
0.53937,0.480315,0.5,0.622047,0.452756,0.307087,0.224409,0.503937,0.523622,0.216535,0.393701,0.385827,0.440945,0,0.291339,0.444882,0.401575,0.295276,0.251969,0.409449,0.547244,0.145669
0.53937,0.480315,0.5,0.622047,0.456693,0.307087,0.224409,0.507874,0.523622,0.220472,0.397638,0.385827,0.437008,0,0.291339,0.444882,0.401575,0.295276,0.251969,0.409449,0.547244,0.145669
0.53937,0.480315,0.5,0.622047,0.452756,0.307087,0.224409,0.507874,0.523622,0.220472,0.397638,0.385827,0.433071,0,0.291339,0.444882,0.401575,0.295276,0.248031,0.409449,0.547244,0.145669
0.53937,0.480315,0.5,0.622047,0.452756,0.307087,0.224409,0.507874,0.523622,0.220472,0.393701,0.38189,0.433071,0,0.287402,0.444882,0.401575,0.295276,0.248031,0.409449,0.547244,0.145669
0.53937,0.480315,0.507874,0.61811,0.468504,0.307087,0.224409,0.515748,0.523622,0.220472,0.405512,0.389764,0.429134,0,0.299213,0.452756,0.401575,0.295276,0.248031,0.409449,0.543307,0.149606
0.53937,0.484252,0.511811,0.61811,0.488189,0.311024,0.224409,0.535433,0.523622,0.220472,0.42126,0.397638,0.429134,0,0.307087,0.456693,0.401575,0.295276,0.251969,0.409449,0.53937,0.145669
0.53937,0.484252,0.511811,0.61811,0.488189,0.311024,0.224409,0.535433,0.523622,0.220472,0.42126,0.397638,0.429134,0,0.311024,0.456693,0.401575,0.295276,0.251969,0.409449,0.53937,0.145669
0.53937,0.484252,0.511811,0.61811,0.488189,0.311024,0.224409,0.535433,0.523622,0.220472,0.425197,0.397638,0.429134,0,0.311024,0.456693,0.401575,0.295276,0.251969,0.409449,0.53937,0.145669
0.53937,0.484252,0.515748,0.61811,0.496063,0.311024,0.224409,0.547244,0.523622,0.220472,0.437008,0.405512,0.429134,0,0.314961,0.46063,0.401575,0.295276,0.251969,0.409449,0.535433,0.141732
0.53937,0.484252,0.519685,0.61811,0.5,0.311024,0.224409,0.551181,0.523622,0.220472,0.444882,0.405512,0.429134,0,0.318898,0.464567,0.401575,0.295276,0.251969,0.409449,0.531496,0.141732
0.53937,0.484252,0.519685,0.61811,0.496063,0.311024,0.224409,0.543307,0.523622,0.220472,0.429134,0.401575,0.429134,0,0.314961,0.464567,0.401575,0.295276,0.251969,0.409449,0.531496,0.141732
0.53937,0.484252,0.519685,0.614173,0.488189,0.311024,0.224409,0.527559,0.523622,0.220472,0.417323,0.389764,0.425197,0,0.307087,0.46063,0.401575,0.295276,0.251969,0.409449,0.535433,0.141732
0.53937,0.484252,0.519685,0.614173,0.480315,0.311024,0.220472,0.519685,0.523622,0.220472,0.409449,0.385827,0.425197,0,0.30315,0.46063,0.401575,0.295276,0.248031,0.405512,0.535433,0.145669
0.53937,0.484252,0.519685,0.610236,0.480315,0.311024,0.220472,0.515748,0.523622,0.220472,0.409449,0.385827,0.425197,0,0.295276,0.46063,0.405512,0.295276,0.248031,0.405512,0.535433,0.145669
0.53937,0.484252,0.519685,0.610236,0.476378,0.311024,0.220472,0.5,0.523622,0.220472,0.405512,0.374016,0.42126,0,0.291339,0.452756,0.405512,0.295276,0.248031,0.405512,0.53937,0.149606
0.53937,0.480315,0.519685,0.610236,0.46063,0.311024,0.220472,0.472441,0.523622,0.220472,0.393701,0.34252,0.409449,0,0.283465,0.444882,0.405512,0.295276,0.240157,0.405512,0.543307,0.15748
0.53937,0.480315,0.519685,0.606299,0.448819,0.311024,0.220472,0.452756,0.515748,0.220472,0.389764,0.322835,0.397638,0,0.271654,0.440945,0.413386,0.295276,0.240157,0.409449,0.547244,0.161417
0.53937,0.480315,0.519685,0.606299,0.464567,0.307087,0.220472,0.452756,0.5,0.220472,0.397638,0.322835,0.393701,0,0.271654,0.440945,0.437008,0.299213,0.240157,0.409449,0.543307,0.161417
0.53937,0.480315,0.519685,0.598425,0.472441,0.299213,0.220472,0.456693,0.484252,0.224409,0.401575,0.322835,0.389764,0,0.271654,0.440945,0.456693,0.30315,0.244094,0.409449,0.53937,0.161417
0.53937,0.484252,0.519685,0.594488,0.480315,0.299213,0.220472,0.452756,0.484252,0.228346,0.401575,0.318898,0.385827,0,0.267717,0.440945,0.456693,0.30315,0.244094,0.409449,0.535433,0.165354
0.53937,0.484252,0.519685,0.594488,0.480315,0.299213,0.216535,0.448819,0.484252,0.228346,0.401575,0.311024,0.38189,0,0.26378,0.433071,0.452756,0.30315,0.23622,0.413386,0.531496,0.165354
0.53937,0.484252,0.519685,0.590551,0.476378,0.30315,0.216535,0.437008,0.484252,0.228346,0.397638,0.30315,0.374016,0,0.26378,0.425197,0.448819,0.30315,0.232283,0.413386,0.527559,0.165354
0.53937,0.484252,0.519685,0.590551,0.468504,0.30315,0.216535,0.437008,0.484252,0.228346,0.397638,0.299213,0.374016,0,0.26378,0.425197,0.448819,0.30315,0.232283,0.413386,0.523622,0.165354
0.53937,0.484252,0.519685,0.590551,0.46063,0.30315,0.220472,0.437008,0.484252,0.224409,0.393701,0.299213,0.374016,0,0.267717,0.42126,0.448819,0.30315,0.232283,0.413386,0.523622,0.165354
0.53937,0.484252,0.523622,0.594488,0.440945,0.299213,0.220472,0.433071,0.488189,0.224409,0.374016,0.295276,0.374016,0,0.26378,0.42126,0.448819,0.30315,0.228346,0.413386,0.523622,0.165354
0.535433,0.480315,0.523622,0.598425,0.42126,0.295276,0.224409,0.425197,0.488189,0.224409,0.346457,0.291339,0.374016,0,0.255906,0.42126,0.448819,0.30315,0.228346,0.413386,0.519685,0.165354
0.531496,0.472441,0.507874,0.606299,0.401575,0.287402,0.224409,0.401575,0.488189,0.224409,0.311024,0.267717,0.370079,0,0.228346,0.417323,0.464567,0.30315,0.216535,0.42126,0.523622,0.169291
0.527559,0.468504,0.5,0.606299,0.38189,0.279528,0.224409,0.377953,0.484252,0.224409,0.283465,0.212598,0.354331,0,0.204724,0.389764,0.468504,0.30315,0.212598,0.437008,0.531496,0.185039
0.523622,0.464567,0.503937,0.590551,0.374016,0.267717,0.228346,0.370079,0.468504,0.224409,0.26378,0.208661,0.338583,0,0.185039,0.370079,0.464567,0.30315,0.220472,0.448819,0.535433,0.204724
0.523622,0.472441,0.519685,0.582677,0.366142,0.255906,0.26378,0.366142,0.476378,0.224409,0.23622,0.200787,0.366142,0,0.165354,0.374016,0.488189,0.307087,0.232283,0.46063,0.519685,0.216535
0.523622,0.476378,0.543307,0.598425,0.350394,0.267717,0.275591,0.350394,0.492126,0.23622,0.220472,0.220472,0.389764,0,0.11811,0.385827,0.503937,0.311024,0.244094,0.46063,0.503937,0.216535
0.515748,0.480315,0.610236,0.61811,0.322835,0.279528,0.279528,0.311024,0.507874,0.240157,0.216535,0.232283,0.440945,0,0.0472441,0.393701,0.543307,0.322835,0.255906,0.456693,0.488189,0.212598
0.511811,0.496063,0.641732,0.633858,0.322835,0.279528,0.271654,0.279528,0.543307,0.251969,0.228346,0.188976,0.468504,0,0.0590551,0.393701,0.551181,0.330709,0.228346,0.433071,0.484252,0.204724
0.511811,0.5,0.645669,0.633858,0.322835,0.291339,0.271654,0.275591,0.559055,0.26378,0.228346,0.181102,0.476378,0,0.0708661,0.393701,0.555118,0.330709,0.216535,0.429134,0.484252,0.204724
0.507874,0.503937,0.653543,0.637795,0.318898,0.299213,0.267717,0.26378,0.582677,0.287402,0.240157,0.165354,0.5,0,0.0984252,0.397638,0.566929,0.334646,0.212598,0.429134,0.484252,0.200787
0.507874,0.484252,0.555118,0.614173,0.295276,0.330709,0.291339,0.248031,0.61811,0.330709,0.23622,0.137795,0.535433,0,0.153543,0.397638,0.582677,0.346457,0.208661,0.433071,0.488189,0.192913
0.503937,0.480315,0.547244,0.633858,0.291339,0.358268,0.307087,0.248031,0.625984,0.350394,0.251969,0.137795,0.543307,0,0.169291,0.401575,0.590551,0.358268,0.204724,0.433071,0.488189,0.185039
0.5,0.488189,0.61811,0.65748,0.299213,0.362205,0.334646,0.248031,0.625984,0.350394,0.255906,0.133858,0.543307,0,0.165354,0.401575,0.590551,0.358268,0.204724,0.433071,0.488189,0.181102
0.5,0.496063,0.645669,0.677165,0.311024,0.370079,0.366142,0.26378,0.625984,0.354331,0.26378,0.149606,0.543307,0,0.15748,0.405512,0.590551,0.358268,0.204724,0.429134,0.472441,0.165354
0.496063,0.5,0.653543,0.681102,0.314961,0.370079,0.38189,0.26378,0.625984,0.354331,0.267717,0.149606,0.53937,0,0.153543,0.405512,0.590551,0.354331,0.200787,0.42126,0.464567,0.15748
0.496063,0.503937,0.653543,0.681102,0.314961,0.370079,0.389764,0.267717,0.625984,0.354331,0.271654,0.149606,0.53937,0,0.15748,0.409449,0.590551,0.354331,0.200787,0.417323,0.464567,0.15748
0.496063,0.503937,0.641732,0.677165,0.322835,0.374016,0.401575,0.271654,0.625984,0.350394,0.275591,0.15748,0.53937,0,0.161417,0.409449,0.590551,0.354331,0.200787,0.417323,0.468504,0.15748
0.496063,0.5,0.622047,0.677165,0.334646,0.370079,0.409449,0.283465,0.625984,0.350394,0.279528,0.15748,0.53937,0,0.165354,0.409449,0.586614,0.354331,0.204724,0.417323,0.472441,0.15748
0.496063,0.488189,0.590551,0.69685,0.334646,0.366142,0.389764,0.279528,0.625984,0.350394,0.271654,0.15748,0.53937,0,0.165354,0.409449,0.586614,0.354331,0.200787,0.42126,0.476378,0.161417
0.496063,0.484252,0.594488,0.748031,0.330709,0.362205,0.397638,0.271654,0.625984,0.350394,0.271654,0.149606,0.53937,0,0.161417,0.409449,0.586614,0.354331,0.200787,0.42126,0.476378,0.15748
0.492126,0.484252,0.614173,0.783465,0.326772,0.358268,0.409449,0.271654,0.625984,0.358268,0.271654,0.145669,0.53937,0,0.15748,0.409449,0.586614,0.354331,0.19685,0.42126,0.468504,0.149606
0.492126,0.488189,0.637795,0.787402,0.326772,0.370079,0.42126,0.267717,0.625984,0.358268,0.279528,0.145669,0.53937,0,0.15748,0.409449,0.586614,0.354331,0.200787,0.405512,0.468504,0.153543
0.492126,0.496063,0.641732,0.783465,0.314961,0.385827,0.433071,0.267717,0.629921,0.358268,0.287402,0.149606,0.53937,0,0.165354,0.409449,0.586614,0.354331,0.204724,0.401575,0.476378,0.153543
0.492126,0.496063,0.637795,0.767717,0.30315,0.389764,0.417323,0.26378,0.629921,0.354331,0.291339,0.149606,0.53937,0,0.173228,0.405512,0.586614,0.354331,0.208661,0.409449,0.488189,0.153543
0.496063,0.496063,0.622047,0.744094,0.291339,0.385827,0.318898,0.259843,0.629921,0.350394,0.279528,0.149606,0.53937,0,0.177165,0.405512,0.586614,0.354331,0.208661,0.417323,0.5,0.153543
0.496063,0.496063,0.622047,0.728346,0.287402,0.358268,0.291339,0.255906,0.629921,0.354331,0.267717,0.149606,0.543307,0,0.181102,0.405512,0.586614,0.354331,0.204724,0.425197,0.507874,0.153543
0.496063,0.496063,0.625984,0.716535,0.291339,0.358268,0.295276,0.255906,0.629921,0.370079,0.259843,0.153543,0.543307,0,0.177165,0.405512,0.586614,0.362205,0.204724,0.425197,0.503937,0.149606
0.496063,0.5,0.629921,0.712598,0.295276,0.370079,0.318898,0.259843,0.629921,0.370079,0.259843,0.153543,0.543307,0,0.173228,0.405512,0.586614,0.362205,0.204724,0.425197,0.492126,0.149606
0.496063,0.5,0.633858,0.708661,0.299213,0.374016,0.346457,0.259843,0.629921,0.370079,0.259843,0.149606,0.543307,0,0.169291,0.409449,0.586614,0.358268,0.200787,0.413386,0.488189,0.149606
0.496063,0.503937,0.641732,0.708661,0.299213,0.377953,0.374016,0.26378,0.629921,0.370079,0.267717,0.153543,0.543307,0,0.169291,0.413386,0.586614,0.358268,0.204724,0.409449,0.484252,0.149606
0.496063,0.503937,0.641732,0.700787,0.30315,0.377953,0.374016,0.267717,0.629921,0.362205,0.271654,0.15748,0.543307,0,0.169291,0.413386,0.586614,0.358268,0.204724,0.409449,0.484252,0.149606
0.496063,0.503937,0.641732,0.700787,0.307087,0.374016,0.358268,0.267717,0.629921,0.354331,0.271654,0.15748,0.543307,0,0.173228,0.409449,0.586614,0.358268,0.204724,0.413386,0.5,0.149606
0.496063,0.503937,0.637795,0.700787,0.314961,0.370079,0.346457,0.271654,0.629921,0.354331,0.271654,0.15748,0.543307,0,0.177165,0.409449,0.586614,0.362205,0.204724,0.413386,0.5,0.153543
0.5,0.503937,0.625984,0.692913,0.318898,0.370079,0.362205,0.267717,0.629921,0.358268,0.267717,0.15748,0.543307,0,0.177165,0.409449,0.586614,0.362205,0.204724,0.42126,0.5,0.153543
0.5,0.503937,0.61811,0.692913,0.318898,0.370079,0.385827,0.267717,0.629921,0.366142,0.267717,0.15748,0.543307,0,0.177165,0.409449,0.586614,0.362205,0.204724,0.42126,0.496063,0.153543
0.5,0.503937,0.614173,0.69685,0.318898,0.374016,0.405512,0.267717,0.629921,0.370079,0.26378,0.153543,0.543307,0,0.173228,0.409449,0.586614,0.362205,0.204724,0.42126,0.492126,0.153543
0.5,0.507874,0.614173,0.700787,0.318898,0.389764,0.452756,0.267717,0.633858,0.374016,0.271654,0.153543,0.543307,0,0.165354,0.413386,0.586614,0.350394,0.204724,0.405512,0.492126,0.153543
0.5,0.507874,0.610236,0.708661,0.314961,0.397638,0.464567,0.267717,0.637795,0.377953,0.279528,0.15748,0.543307,0,0.169291,0.417323,0.586614,0.350394,0.208661,0.405512,0.492126,0.153543
0.5,0.507874,0.606299,0.704724,0.314961,0.397638,0.452756,0.267717,0.637795,0.374016,0.283465,0.15748,0.543307,0,0.177165,0.417323,0.586614,0.354331,0.208661,0.405512,0.503937,0.153543
0.503937,0.507874,0.606299,0.69685,0.311024,0.393701,0.409449,0.271654,0.633858,0.366142,0.283465,0.15748,0.543307,0,0.181102,0.413386,0.586614,0.354331,0.208661,0.409449,0.511811,0.153543
0.507874,0.507874,0.598425,0.688976,0.311024,0.385827,0.389764,0.267717,0.629921,0.366142,0.283465,0.153543,0.543307,0,0.181102,0.413386,0.586614,0.354331,0.208661,0.413386,0.515748,0.153543
0.507874,0.503937,0.602362,0.688976,0.318898,0.385827,0.397638,0.267717,0.629921,0.370079,0.283465,0.153543,0.543307,0,0.181102,0.413386,0.586614,0.362205,0.208661,0.417323,0.515748,0.153543
0.503937,0.503937,0.606299,0.688976,0.318898,0.385827,0.413386,0.267717,0.629921,0.370079,0.279528,0.153543,0.543307,0,0.173228,0.413386,0.586614,0.362205,0.204724,0.417323,0.5,0.149606
0.503937,0.503937,0.614173,0.688976,0.318898,0.385827,0.425197,0.271654,0.629921,0.370079,0.275591,0.149606,0.543307,0,0.165354,0.413386,0.586614,0.354331,0.204724,0.405512,0.492126,0.149606
0.5,0.503937,0.61811,0.688976,0.322835,0.385827,0.444882,0.275591,0.629921,0.374016,0.279528,0.15748,0.543307,0,0.165354,0.413386,0.586614,0.354331,0.208661,0.401575,0.492126,0.149606
0.5,0.503937,0.622047,0.688976,0.326772,0.385827,0.448819,0.279528,0.629921,0.366142,0.279528,0.161417,0.543307,0,0.173228,0.413386,0.586614,0.354331,0.208661,0.401575,0.496063,0.153543
0.503937,0.503937,0.622047,0.69685,0.326772,0.38189,0.429134,0.283465,0.629921,0.366142,0.283465,0.161417,0.543307,0,0.177165,0.413386,0.586614,0.354331,0.212598,0.405512,0.511811,0.161417
0.503937,0.503937,0.614173,0.69685,0.330709,0.370079,0.401575,0.283465,0.622047,0.374016,0.283465,0.15748,0.53937,0,0.177165,0.409449,0.586614,0.358268,0.216535,0.413386,0.515748,0.169291
0.503937,0.503937,0.614173,0.700787,0.330709,0.370079,0.413386,0.283465,0.622047,0.38189,0.279528,0.15748,0.53937,0,0.177165,0.409449,0.586614,0.358268,0.216535,0.413386,0.507874,0.165354
0.503937,0.503937,0.614173,0.700787,0.330709,0.370079,0.433071,0.283465,0.622047,0.38189,0.279528,0.153543,0.53937,0,0.169291,0.405512,0.586614,0.358268,0.212598,0.413386,0.496063,0.15748
0.503937,0.503937,0.61811,0.700787,0.334646,0.370079,0.448819,0.287402,0.622047,0.377953,0.279528,0.15748,0.53937,0,0.165354,0.405512,0.582677,0.354331,0.212598,0.397638,0.492126,0.15748
0.503937,0.503937,0.622047,0.700787,0.338583,0.374016,0.464567,0.291339,0.622047,0.38189,0.279528,0.161417,0.53937,0,0.169291,0.409449,0.582677,0.354331,0.216535,0.393701,0.492126,0.15748
0.503937,0.503937,0.61811,0.700787,0.338583,0.374016,0.456693,0.291339,0.622047,0.377953,0.279528,0.165354,0.53937,0,0.173228,0.409449,0.582677,0.354331,0.216535,0.397638,0.5,0.15748
0.507874,0.503937,0.614173,0.69685,0.34252,0.366142,0.425197,0.295276,0.622047,0.374016,0.279528,0.165354,0.53937,0,0.181102,0.409449,0.582677,0.358268,0.216535,0.405512,0.511811,0.161417
0.511811,0.503937,0.610236,0.692913,0.34252,0.358268,0.397638,0.291339,0.61811,0.366142,0.279528,0.153543,0.535433,0,0.181102,0.405512,0.582677,0.358268,0.216535,0.409449,0.519685,0.165354
0.511811,0.5,0.61811,0.692913,0.34252,0.358268,0.42126,0.291339,0.61811,0.374016,0.279528,0.15748,0.535433,0,0.177165,0.405512,0.582677,0.358268,0.212598,0.413386,0.511811,0.161417
0.511811,0.5,0.61811,0.69685,0.346457,0.358268,0.42126,0.291339,0.61811,0.377953,0.279528,0.161417,0.535433,0,0.169291,0.409449,0.586614,0.362205,0.212598,0.413386,0.5,0.153543
0.511811,0.503937,0.614173,0.65748,0.366142,0.358268,0.413386,0.314961,0.614173,0.362205,0.279528,0.185039,0.535433,0,0.161417,0.417323,0.582677,0.370079,0.208661,0.401575,0.492126,0.153543
0.515748,0.503937,0.590551,0.645669,0.370079,0.338583,0.338583,0.334646,0.590551,0.334646,0.275591,0.23622,0.492126,0,0.145669,0.429134,0.555118,0.377953,0.200787,0.413386,0.503937,0.15748
0.515748,0.5,0.586614,0.65748,0.377953,0.326772,0.295276,0.358268,0.559055,0.299213,0.283465,0.255906,0.440945,0,0.145669,0.437008,0.515748,0.38189,0.188976,0.413386,0.511811,0.15748
0.515748,0.5,0.614173,0.669291,0.377953,0.330709,0.307087,0.374016,0.543307,0.287402,0.299213,0.251969,0.397638,0,0.141732,0.433071,0.476378,0.370079,0.173228,0.417323,0.515748,0.161417
0.519685,0.503937,0.622047,0.65748,0.385827,0.330709,0.295276,0.405512,0.511811,0.267717,0.311024,0.287402,0.354331,0,0.141732,0.440945,0.440945,0.377953,0.169291,0.413386,0.511811,0.15748
0.523622,0.503937,0.598425,0.669291,0.393701,0.30315,0.279528,0.452756,0.452756,0.251969,0.334646,0.366142,0.287402,0,0.181102,0.492126,0.389764,0.346457,0.153543,0.413386,0.562992,0.133858
0.523622,0.503937,0.555118,0.677165,0.377953,0.267717,0.283465,0.496063,0.385827,0.267717,0.374016,0.397638,0.224409,0,0.267717,0.476378,0.346457,0.311024,0.153543,0.429134,0.586614,0.137795
0.523622,0.503937,0.547244,0.685039,0.397638,0.259843,0.283465,0.527559,0.354331,0.279528,0.397638,0.385827,0.224409,0.106299,0.279528,0.468504,0.34252,0.322835,0.173228,0.437008,0.582677,0.145669
0.519685,0.503937,0.543307,0.688976,0.409449,0.259843,0.283465,0.547244,0.34252,0.267717,0.393701,0.389764,0.220472,0.122047,0.279528,0.468504,0.326772,0.334646,0.177165,0.440945,0.562992,0.153543
0.519685,0.503937,0.543307,0.677165,0.409449,0.259843,0.279528,0.559055,0.338583,0.251969,0.393701,0.397638,0.212598,0.0393701,0.314961,0.484252,0.318898,0.291339,0.145669,0.440945,0.57874,0.149606
0.523622,0.503937,0.543307,0.673228,0.413386,0.259843,0.279528,0.582677,0.334646,0.244094,0.393701,0.444882,0.19685,0,0.322835,0.531496,0.322835,0.283465,0.145669,0.433071,0.590551,0.145669
0.519685,0.503937,0.519685,0.708661,0.440945,0.26378,0.267717,0.590551,0.334646,0.244094,0.405512,0.46063,0.188976,0,0.366142,0.492126,0.322835,0.334646,0.153543,0.437008,0.594488,0.153543
0.519685,0.5,0.511811,0.688976,0.5,0.279528,0.251969,0.614173,0.346457,0.224409,0.456693,0.377953,0.259843,0,0.354331,0.437008,0.374016,0.314961,0.177165,0.440945,0.590551,0.141732
0.535433,0.496063,0.503937,0.653543,0.476378,0.279528,0.26378,0.53937,0.397638,0.228346,0.417323,0.358268,0.291339,0,0.318898,0.456693,0.385827,0.307087,0.19685,0.425197,0.570866,0.137795
0.543307,0.496063,0.5,0.645669,0.46063,0.291339,0.26378,0.507874,0.452756,0.228346,0.413386,0.440945,0.30315,0,0.244094,0.527559,0.366142,0.26378,0.200787,0.429134,0.570866,0.129921
0.559055,0.5,0.5,0.586614,0.472441,0.299213,0.26378,0.511811,0.464567,0.232283,0.440945,0.476378,0.311024,0,0.228346,0.582677,0.358268,0.275591,0.177165,0.425197,0.57874,0.125984
0.562992,0.5,0.496063,0.574803,0.472441,0.291339,0.259843,0.507874,0.46063,0.224409,0.413386,0.350394,0.299213,0,0.314961,0.452756,0.334646,0.283465,0.19685,0.429134,0.551181,0.153543
0.547244,0.5,0.496063,0.61811,0.46063,0.283465,0.259843,0.492126,0.448819,0.224409,0.389764,0.326772,0.295276,0,0.307087,0.440945,0.330709,0.279528,0.19685,0.429134,0.531496,0.153543
0.535433,0.492126,0.5,0.645669,0.46063,0.275591,0.259843,0.480315,0.448819,0.224409,0.370079,0.307087,0.30315,0,0.279528,0.429134,0.350394,0.279528,0.188976,0.433071,0.523622,0.145669
0.531496,0.484252,0.5,0.649606,0.456693,0.275591,0.259843,0.468504,0.448819,0.224409,0.366142,0.30315,0.307087,0,0.271654,0.429134,0.374016,0.283465,0.185039,0.429134,0.527559,0.145669
0.527559,0.480315,0.507874,0.614173,0.401575,0.259843,0.259843,0.397638,0.437008,0.228346,0.354331,0.216535,0.291339,0,0.224409,0.405512,0.38189,0.287402,0.188976,0.440945,0.543307,0.161417
0.527559,0.488189,0.527559,0.625984,0.377953,0.259843,0.275591,0.374016,0.444882,0.228346,0.350394,0.208661,0.291339,0,0.208661,0.405512,0.38189,0.287402,0.192913,0.444882,0.523622,0.15748
0.523622,0.492126,0.551181,0.633858,0.358268,0.259843,0.283465,0.350394,0.480315,0.228346,0.314961,0.224409,0.30315,0,0.177165,0.405512,0.397638,0.287402,0.192913,0.448819,0.519685,0.161417
0.523622,0.492126,0.566929,0.633858,0.354331,0.255906,0.283465,0.330709,0.519685,0.23622,0.287402,0.248031,0.330709,0,0.149606,0.409449,0.417323,0.283465,0.208661,0.456693,0.523622,0.169291
0.519685,0.492126,0.586614,0.641732,0.338583,0.287402,0.279528,0.30315,0.562992,0.259843,0.279528,0.200787,0.389764,0,0.153543,0.397638,0.456693,0.291339,0.188976,0.452756,0.523622,0.169291
0.519685,0.496063,0.602362,0.653543,0.311024,0.377953,0.358268,0.283465,0.594488,0.299213,0.311024,0.185039,0.417323,0,0.181102,0.389764,0.476378,0.311024,0.181102,0.448819,0.515748,0.15748
0.511811,0.496063,0.633858,0.669291,0.299213,0.409449,0.42126,0.279528,0.610236,0.314961,0.334646,0.173228,0.425197,0,0.192913,0.385827,0.480315,0.314961,0.173228,0.433071,0.507874,0.145669
0.511811,0.496063,0.633858,0.681102,0.295276,0.417323,0.456693,0.275591,0.610236,0.322835,0.346457,0.161417,0.429134,0,0.19685,0.38189,0.480315,0.318898,0.177165,0.425197,0.503937,0.141732
0.511811,0.496063,0.625984,0.685039,0.307087,0.397638,0.448819,0.279528,0.602362,0.322835,0.334646,0.165354,0.425197,0,0.192913,0.38189,0.480315,0.318898,0.185039,0.425197,0.507874,0.153543
0.515748,0.496063,0.602362,0.685039,0.314961,0.366142,0.417323,0.287402,0.582677,0.307087,0.326772,0.173228,0.409449,0,0.188976,0.38189,0.472441,0.318898,0.188976,0.429134,0.519685,0.161417
0.515748,0.496063,0.582677,0.685039,0.330709,0.362205,0.413386,0.295276,0.574803,0.307087,0.326772,0.185039,0.405512,0,0.185039,0.377953,0.472441,0.318898,0.192913,0.433071,0.523622,0.161417
0.515748,0.496063,0.582677,0.685039,0.330709,0.370079,0.437008,0.299213,0.574803,0.326772,0.330709,0.192913,0.405512,0,0.185039,0.377953,0.472441,0.318898,0.188976,0.433071,0.519685,0.15748
0.515748,0.496063,0.590551,0.688976,0.326772,0.385827,0.452756,0.299213,0.57874,0.334646,0.334646,0.192913,0.405512,0,0.185039,0.377953,0.472441,0.318898,0.181102,0.429134,0.507874,0.149606
0.515748,0.496063,0.590551,0.692913,0.326772,0.385827,0.46063,0.30315,0.57874,0.338583,0.334646,0.192913,0.409449,0,0.185039,0.377953,0.472441,0.318898,0.185039,0.42126,0.503937,0.149606
0.515748,0.496063,0.594488,0.692913,0.330709,0.377953,0.452756,0.30315,0.57874,0.338583,0.326772,0.192913,0.409449,0,0.185039,0.377953,0.476378,0.322835,0.185039,0.42126,0.503937,0.149606
0.515748,0.496063,0.590551,0.692913,0.334646,0.362205,0.429134,0.307087,0.57874,0.330709,0.318898,0.200787,0.409449,0,0.185039,0.377953,0.476378,0.330709,0.185039,0.429134,0.511811,0.153543
0.519685,0.496063,0.57874,0.688976,0.334646,0.354331,0.42126,0.30315,0.574803,0.326772,0.314961,0.204724,0.405512,0,0.185039,0.377953,0.476378,0.330709,0.185039,0.433071,0.523622,0.15748
0.519685,0.496063,0.574803,0.685039,0.334646,0.354331,0.425197,0.30315,0.570866,0.330709,0.314961,0.204724,0.401575,0,0.185039,0.377953,0.476378,0.326772,0.188976,0.433071,0.523622,0.153543
0.519685,0.496063,0.582677,0.685039,0.334646,0.362205,0.433071,0.30315,0.570866,0.334646,0.314961,0.204724,0.401575,0,0.181102,0.377953,0.472441,0.326772,0.185039,0.433071,0.515748,0.145669
0.519685,0.496063,0.586614,0.685039,0.334646,0.366142,0.440945,0.30315,0.574803,0.338583,0.314961,0.204724,0.401575,0,0.181102,0.377953,0.472441,0.326772,0.181102,0.429134,0.5,0.137795
0.515748,0.496063,0.586614,0.685039,0.334646,0.370079,0.448819,0.30315,0.574803,0.338583,0.314961,0.192913,0.405512,0,0.177165,0.377953,0.472441,0.322835,0.181102,0.417323,0.496063,0.133858
0.515748,0.496063,0.586614,0.688976,0.334646,0.370079,0.448819,0.30315,0.574803,0.34252,0.311024,0.192913,0.405512,0,0.177165,0.377953,0.472441,0.326772,0.185039,0.417323,0.503937,0.137795
0.519685,0.496063,0.582677,0.688976,0.338583,0.358268,0.437008,0.30315,0.574803,0.334646,0.311024,0.200787,0.405512,0,0.181102,0.377953,0.472441,0.326772,0.185039,0.42126,0.515748,0.145669
0.519685,0.496063,0.57874,0.681102,0.334646,0.358268,0.429134,0.299213,0.574803,0.334646,0.307087,0.204724,0.401575,0,0.181102,0.377953,0.472441,0.338583,0.181102,0.429134,0.523622,0.145669
0.519685,0.496063,0.574803,0.681102,0.330709,0.358268,0.433071,0.295276,0.570866,0.334646,0.307087,0.204724,0.397638,0,0.177165,0.377953,0.468504,0.338583,0.181102,0.429134,0.531496,0.141732
0.519685,0.496063,0.57874,0.685039,0.334646,0.366142,0.440945,0.299213,0.570866,0.338583,0.307087,0.200787,0.393701,0,0.173228,0.374016,0.464567,0.334646,0.177165,0.42126,0.519685,0.141732
0.515748,0.496063,0.590551,0.685039,0.334646,0.370079,0.448819,0.30315,0.570866,0.346457,0.307087,0.19685,0.401575,0,0.173228,0.374016,0.464567,0.330709,0.181102,0.417323,0.511811,0.137795
0.515748,0.496063,0.602362,0.688976,0.334646,0.374016,0.456693,0.307087,0.574803,0.346457,0.307087,0.200787,0.405512,0,0.177165,0.374016,0.472441,0.338583,0.185039,0.417323,0.503937,0.137795
0.515748,0.496063,0.606299,0.688976,0.334646,0.374016,0.456693,0.307087,0.574803,0.346457,0.307087,0.204724,0.405512,0,0.177165,0.374016,0.472441,0.338583,0.188976,0.42126,0.507874,0.133858
0.515748,0.496063,0.606299,0.692913,0.334646,0.370079,0.452756,0.307087,0.574803,0.346457,0.307087,0.208661,0.405512,0,0.181102,0.377953,0.472441,0.338583,0.188976,0.429134,0.515748,0.133858
0.515748,0.496063,0.594488,0.69685,0.330709,0.366142,0.448819,0.307087,0.574803,0.34252,0.307087,0.208661,0.401575,0,0.185039,0.377953,0.472441,0.334646,0.188976,0.433071,0.519685,0.141732
0.515748,0.496063,0.594488,0.69685,0.330709,0.370079,0.452756,0.307087,0.570866,0.34252,0.307087,0.208661,0.397638,0,0.185039,0.377953,0.472441,0.334646,0.188976,0.429134,0.511811,0.133858
0.515748,0.496063,0.594488,0.69685,0.326772,0.370079,0.456693,0.307087,0.570866,0.346457,0.311024,0.204724,0.397638,0,0.185039,0.377953,0.468504,0.330709,0.188976,0.425197,0.507874,0.137795
0.515748,0.496063,0.598425,0.69685,0.326772,0.374016,0.46063,0.307087,0.570866,0.354331,0.311024,0.200787,0.397638,0,0.181102,0.377953,0.468504,0.330709,0.188976,0.42126,0.503937,0.137795
0.515748,0.496063,0.598425,0.704724,0.322835,0.374016,0.468504,0.30315,0.570866,0.358268,0.311024,0.19685,0.401575,0,0.181102,0.377953,0.468504,0.330709,0.192913,0.42126,0.503937,0.133858
0.515748,0.496063,0.606299,0.708661,0.322835,0.374016,0.468504,0.30315,0.570866,0.358268,0.311024,0.204724,0.401575,0,0.185039,0.377953,0.468504,0.334646,0.19685,0.425197,0.503937,0.125984
0.515748,0.496063,0.606299,0.708661,0.326772,0.374016,0.464567,0.307087,0.570866,0.354331,0.307087,0.208661,0.401575,0,0.188976,0.38189,0.472441,0.334646,0.19685,0.429134,0.511811,0.133858
0.515748,0.496063,0.598425,0.708661,0.326772,0.374016,0.46063,0.30315,0.570866,0.354331,0.311024,0.208661,0.401575,0,0.188976,0.38189,0.472441,0.334646,0.19685,0.433071,0.515748,0.137795
0.515748,0.496063,0.594488,0.708661,0.322835,0.374016,0.46063,0.30315,0.570866,0.354331,0.311024,0.200787,0.397638,0,0.185039,0.377953,0.468504,0.330709,0.192913,0.429134,0.511811,0.133858
0.515748,0.496063,0.594488,0.708661,0.318898,0.374016,0.46063,0.299213,0.570866,0.354331,0.314961,0.188976,0.397638,0,0.185039,0.377953,0.468504,0.330709,0.192913,0.42126,0.507874,0.133858
0.515748,0.496063,0.594488,0.708661,0.314961,0.377953,0.468504,0.299213,0.570866,0.358268,0.314961,0.188976,0.401575,0,0.185039,0.377953,0.468504,0.330709,0.192913,0.42126,0.507874,0.133858
0.515748,0.496063,0.594488,0.708661,0.314961,0.377953,0.468504,0.295276,0.570866,0.362205,0.318898,0.188976,0.401575,0,0.185039,0.377953,0.468504,0.330709,0.200787,0.42126,0.511811,0.129921
0.515748,0.496063,0.594488,0.712598,0.314961,0.377953,0.468504,0.295276,0.570866,0.362205,0.318898,0.188976,0.401575,0,0.188976,0.377953,0.468504,0.330709,0.200787,0.429134,0.523622,0.129921
0.515748,0.496063,0.598425,0.716535,0.318898,0.377953,0.464567,0.299213,0.570866,0.358268,0.318898,0.19685,0.401575,0,0.192913,0.377953,0.468504,0.330709,0.19685,0.433071,0.527559,0.137795
0.515748,0.496063,0.598425,0.712598,0.318898,0.377953,0.464567,0.299213,0.570866,0.350394,0.314961,0.200787,0.397638,0,0.192913,0.377953,0.468504,0.330709,0.19685,0.433071,0.527559,0.137795
0.515748,0.496063,0.598425,0.708661,0.318898,0.374016,0.46063,0.299213,0.570866,0.350394,0.314961,0.200787,0.397638,0,0.188976,0.377953,0.468504,0.330709,0.192913,0.433071,0.519685,0.137795
0.515748,0.496063,0.594488,0.700787,0.322835,0.374016,0.456693,0.299213,0.570866,0.350394,0.318898,0.192913,0.397638,0,0.188976,0.377953,0.464567,0.330709,0.192913,0.425197,0.519685,0.137795
0.515748,0.496063,0.598425,0.700787,0.326772,0.374016,0.456693,0.307087,0.570866,0.350394,0.318898,0.192913,0.401575,0,0.185039,0.377953,0.468504,0.330709,0.192913,0.42126,0.515748,0.133858
0.515748,0.496063,0.602362,0.700787,0.330709,0.370079,0.448819,0.311024,0.570866,0.346457,0.318898,0.19685,0.401575,0,0.188976,0.377953,0.468504,0.330709,0.19685,0.429134,0.519685,0.137795
0.515748,0.496063,0.590551,0.700787,0.330709,0.366142,0.444882,0.311024,0.570866,0.34252,0.318898,0.19685,0.397638,0,0.192913,0.377953,0.468504,0.330709,0.19685,0.433071,0.523622,0.137795
0.515748,0.496063,0.590551,0.69685,0.330709,0.366142,0.444882,0.311024,0.570866,0.34252,0.318898,0.200787,0.397638,0,0.188976,0.377953,0.468504,0.330709,0.19685,0.433071,0.519685,0.137795
0.515748,0.496063,0.590551,0.69685,0.330709,0.366142,0.444882,0.311024,0.570866,0.34252,0.318898,0.200787,0.397638,0,0.188976,0.377953,0.464567,0.326772,0.19685,0.433071,0.515748,0.133858
0.515748,0.496063,0.590551,0.69685,0.326772,0.370079,0.452756,0.307087,0.570866,0.346457,0.318898,0.192913,0.397638,0,0.188976,0.377953,0.464567,0.326772,0.19685,0.42126,0.507874,0.129921
0.515748,0.496063,0.590551,0.704724,0.322835,0.370079,0.456693,0.307087,0.570866,0.350394,0.322835,0.188976,0.397638,0,0.188976,0.377953,0.464567,0.326772,0.200787,0.417323,0.511811,0.129921
0.515748,0.496063,0.590551,0.704724,0.318898,0.370079,0.46063,0.30315,0.570866,0.350394,0.322835,0.185039,0.397638,0,0.188976,0.374016,0.464567,0.326772,0.200787,0.42126,0.519685,0.133858
0.515748,0.496063,0.594488,0.708661,0.318898,0.370079,0.46063,0.299213,0.570866,0.354331,0.318898,0.19685,0.401575,0,0.185039,0.377953,0.472441,0.326772,0.200787,0.433071,0.527559,0.141732
0.515748,0.496063,0.590551,0.712598,0.311024,0.370079,0.46063,0.295276,0.570866,0.354331,0.318898,0.19685,0.401575,0,0.185039,0.377953,0.472441,0.326772,0.19685,0.433071,0.527559,0.141732
0.511811,0.496063,0.590551,0.712598,0.311024,0.374016,0.464567,0.291339,0.570866,0.354331,0.314961,0.192913,0.401575,0,0.181102,0.374016,0.472441,0.326772,0.188976,0.433071,0.515748,0.129921
0.511811,0.496063,0.586614,0.708661,0.307087,0.377953,0.468504,0.291339,0.570866,0.358268,0.314961,0.185039,0.401575,0,0.181102,0.370079,0.468504,0.326772,0.188976,0.425197,0.511811,0.129921
0.511811,0.496063,0.586614,0.708661,0.307087,0.377953,0.472441,0.291339,0.570866,0.362205,0.318898,0.181102,0.401575,0,0.181102,0.370079,0.468504,0.330709,0.19685,0.42126,0.515748,0.129921
0.511811,0.496063,0.590551,0.712598,0.307087,0.377953,0.472441,0.291339,0.570866,0.362205,0.318898,0.185039,0.401575,0,0.181102,0.370079,0.468504,0.330709,0.200787,0.425197,0.519685,0.129921
0.511811,0.496063,0.594488,0.716535,0.311024,0.377953,0.468504,0.295276,0.570866,0.358268,0.318898,0.19685,0.401575,0,0.185039,0.374016,0.468504,0.330709,0.200787,0.429134,0.523622,0.133858
0.511811,0.496063,0.594488,0.720472,0.311024,0.377953,0.46063,0.295276,0.570866,0.354331,0.318898,0.204724,0.397638,0,0.185039,0.374016,0.468504,0.330709,0.192913,0.433071,0.523622,0.137795
0.511811,0.496063,0.594488,0.720472,0.311024,0.377953,0.46063,0.295276,0.570866,0.354331,0.314961,0.204724,0.397638,0,0.185039,0.374016,0.468504,0.330709,0.188976,0.433071,0.519685,0.129921
0.511811,0.496063,0.590551,0.720472,0.307087,0.377953,0.46063,0.295276,0.570866,0.358268,0.314961,0.200787,0.397638,0,0.181102,0.370079,0.468504,0.330709,0.185039,0.429134,0.511811,0.129921
0.511811,0.496063,0.586614,0.720472,0.30315,0.38189,0.468504,0.291339,0.570866,0.366142,0.314961,0.188976,0.397638,0,0.181102,0.370079,0.468504,0.330709,0.185039,0.417323,0.511811,0.129921
0.511811,0.496063,0.586614,0.724409,0.295276,0.38189,0.476378,0.283465,0.570866,0.370079,0.318898,0.185039,0.401575,0,0.181102,0.370079,0.468504,0.330709,0.192913,0.417323,0.519685,0.129921
0.511811,0.496063,0.57874,0.728346,0.287402,0.38189,0.476378,0.275591,0.570866,0.370079,0.322835,0.181102,0.401575,0,0.181102,0.366142,0.468504,0.330709,0.192913,0.42126,0.531496,0.129921
0.515748,0.496063,0.566929,0.728346,0.275591,0.38189,0.476378,0.26378,0.570866,0.370079,0.322835,0.173228,0.401575,0,0.181102,0.362205,0.468504,0.334646,0.192913,0.429134,0.543307,0.129921
0.515748,0.496063,0.566929,0.728346,0.271654,0.385827,0.484252,0.255906,0.570866,0.374016,0.322835,0.169291,0.401575,0,0.177165,0.358268,0.468504,0.334646,0.188976,0.433071,0.543307,0.129921
0.515748,0.496063,0.566929,0.732283,0.259843,0.385827,0.484252,0.244094,0.574803,0.374016,0.322835,0.165354,0.401575,0,0.177165,0.350394,0.468504,0.334646,0.188976,0.433071,0.543307,0.129921
0.515748,0.496063,0.566929,0.73622,0.255906,0.385827,0.484252,0.244094,0.574803,0.374016,0.326772,0.15748,0.401575,0,0.177165,0.350394,0.464567,0.334646,0.188976,0.433071,0.543307,0.133858
0.515748,0.496063,0.574803,0.73622,0.255906,0.389764,0.480315,0.248031,0.574803,0.374016,0.322835,0.165354,0.401575,0,0.177165,0.350394,0.464567,0.334646,0.185039,0.433071,0.53937,0.133858
0.511811,0.496063,0.57874,0.732283,0.259843,0.389764,0.480315,0.251969,0.574803,0.370079,0.322835,0.169291,0.401575,0,0.177165,0.346457,0.464567,0.334646,0.181102,0.433071,0.531496,0.129921
0.511811,0.496063,0.57874,0.724409,0.271654,0.389764,0.480315,0.259843,0.574803,0.370079,0.322835,0.169291,0.401575,0,0.177165,0.350394,0.46063,0.334646,0.181102,0.425197,0.511811,0.125984
0.511811,0.496063,0.582677,0.720472,0.279528,0.389764,0.480315,0.26378,0.574803,0.374016,0.322835,0.165354,0.401575,0,0.181102,0.350394,0.46063,0.338583,0.19685,0.42126,0.515748,0.125984
0.511811,0.496063,0.586614,0.716535,0.283465,0.389764,0.472441,0.271654,0.574803,0.370079,0.318898,0.177165,0.401575,0,0.185039,0.354331,0.464567,0.34252,0.200787,0.425197,0.527559,0.133858
0.511811,0.496063,0.590551,0.716535,0.287402,0.385827,0.468504,0.279528,0.574803,0.362205,0.318898,0.185039,0.401575,0,0.188976,0.358268,0.464567,0.34252,0.19685,0.429134,0.535433,0.137795
0.511811,0.496063,0.590551,0.720472,0.287402,0.385827,0.468504,0.279528,0.574803,0.362205,0.318898,0.188976,0.397638,0,0.181102,0.362205,0.464567,0.334646,0.192913,0.433071,0.531496,0.133858
0.511811,0.496063,0.586614,0.720472,0.283465,0.385827,0.468504,0.271654,0.574803,0.362205,0.318898,0.181102,0.397638,0,0.177165,0.350394,0.464567,0.334646,0.181102,0.433071,0.515748,0.129921
0.511811,0.496063,0.582677,0.712598,0.283465,0.389764,0.472441,0.267717,0.574803,0.374016,0.318898,0.165354,0.401575,0,0.173228,0.346457,0.46063,0.330709,0.188976,0.425197,0.503937,0.122047
0.511811,0.496063,0.586614,0.716535,0.283465,0.393701,0.476378,0.267717,0.574803,0.377953,0.318898,0.165354,0.401575,0,0.177165,0.346457,0.46063,0.338583,0.19685,0.425197,0.5,0.11811
0.511811,0.496063,0.586614,0.716535,0.287402,0.389764,0.472441,0.275591,0.574803,0.370079,0.318898,0.177165,0.401575,0,0.185039,0.358268,0.46063,0.34252,0.204724,0.425197,0.515748,0.125984
0.511811,0.496063,0.590551,0.716535,0.295276,0.389764,0.468504,0.287402,0.574803,0.362205,0.318898,0.188976,0.401575,0,0.192913,0.366142,0.46063,0.34252,0.208661,0.429134,0.527559,0.129921
0.515748,0.496063,0.590551,0.716535,0.299213,0.385827,0.464567,0.291339,0.574803,0.362205,0.322835,0.192913,0.397638,0,0.192913,0.370079,0.46063,0.34252,0.208661,0.429134,0.531496,0.137795
0.515748,0.496063,0.590551,0.712598,0.299213,0.385827,0.464567,0.291339,0.574803,0.362205,0.322835,0.19685,0.397638,0,0.192913,0.370079,0.456693,0.334646,0.208661,0.429134,0.523622,0.129921
0.511811,0.496063,0.590551,0.712598,0.30315,0.385827,0.464567,0.295276,0.570866,0.362205,0.322835,0.19685,0.397638,0,0.188976,0.370079,0.456693,0.334646,0.19685,0.429134,0.507874,0.114173
0.511811,0.496063,0.594488,0.712598,0.30315,0.389764,0.468504,0.295276,0.570866,0.366142,0.322835,0.188976,0.397638,0,0.188976,0.370079,0.452756,0.334646,0.200787,0.42126,0.503937,0.106299
0.511811,0.496063,0.594488,0.716535,0.295276,0.389764,0.472441,0.291339,0.570866,0.370079,0.322835,0.185039,0.397638,0,0.188976,0.366142,0.452756,0.338583,0.204724,0.425197,0.507874,0.106299
0.511811,0.496063,0.594488,0.720472,0.295276,0.389764,0.472441,0.287402,0.574803,0.370079,0.318898,0.185039,0.397638,0,0.188976,0.366142,0.452756,0.334646,0.204724,0.429134,0.523622,0.114173
0.511811,0.496063,0.590551,0.724409,0.295276,0.385827,0.472441,0.287402,0.574803,0.366142,0.322835,0.185039,0.397638,0,0.192913,0.370079,0.452756,0.330709,0.204724,0.429134,0.531496,0.129921
0.511811,0.496063,0.590551,0.724409,0.291339,0.385827,0.468504,0.287402,0.574803,0.362205,0.318898,0.188976,0.397638,0,0.188976,0.370079,0.448819,0.326772,0.19685,0.433071,0.527559,0.122047
0.511811,0.496063,0.590551,0.724409,0.291339,0.393701,0.468504,0.287402,0.574803,0.362205,0.318898,0.188976,0.397638,0,0.181102,0.366142,0.448819,0.326772,0.188976,0.433071,0.507874,0.11811
0.507874,0.496063,0.594488,0.716535,0.291339,0.393701,0.468504,0.287402,0.574803,0.362205,0.318898,0.181102,0.397638,0,0.181102,0.362205,0.448819,0.322835,0.188976,0.425197,0.492126,0.114173
0.507874,0.496063,0.594488,0.716535,0.291339,0.393701,0.472441,0.287402,0.570866,0.370079,0.318898,0.177165,0.401575,0,0.181102,0.362205,0.448819,0.326772,0.192913,0.425197,0.492126,0.110236
0.507874,0.496063,0.602362,0.720472,0.291339,0.393701,0.476378,0.287402,0.574803,0.370079,0.318898,0.181102,0.401575,0,0.181102,0.362205,0.448819,0.330709,0.19685,0.425197,0.496063,0.110236
0.507874,0.496063,0.606299,0.724409,0.295276,0.393701,0.472441,0.291339,0.574803,0.366142,0.318898,0.192913,0.405512,0,0.185039,0.366142,0.448819,0.326772,0.19685,0.433071,0.511811,0.11811
0.507874,0.496063,0.606299,0.724409,0.295276,0.393701,0.468504,0.291339,0.574803,0.362205,0.318898,0.19685,0.401575,0,0.185039,0.370079,0.448819,0.322835,0.19685,0.433071,0.515748,0.122047
0.507874,0.496063,0.606299,0.716535,0.295276,0.393701,0.468504,0.291339,0.574803,0.362205,0.318898,0.19685,0.401575,0,0.181102,0.370079,0.448819,0.322835,0.192913,0.433071,0.503937,0.114173
0.507874,0.496063,0.606299,0.716535,0.295276,0.393701,0.468504,0.291339,0.574803,0.362205,0.318898,0.185039,0.401575,0,0.177165,0.366142,0.448819,0.318898,0.188976,0.429134,0.488189,0.106299
0.507874,0.496063,0.602362,0.712598,0.295276,0.393701,0.476378,0.287402,0.574803,0.370079,0.322835,0.177165,0.401575,0,0.177165,0.362205,0.448819,0.322835,0.192913,0.425197,0.488189,0.102362
0.507874,0.496063,0.602362,0.716535,0.291339,0.393701,0.476378,0.283465,0.574803,0.370079,0.322835,0.177165,0.401575,0,0.177165,0.362205,0.448819,0.322835,0.19685,0.429134,0.5,0.110236
0.511811,0.496063,0.602362,0.720472,0.295276,0.393701,0.472441,0.287402,0.574803,0.366142,0.318898,0.188976,0.401575,0,0.181102,0.366142,0.448819,0.322835,0.19685,0.429134,0.515748,0.122047
0.511811,0.496063,0.602362,0.720472,0.299213,0.385827,0.464567,0.287402,0.574803,0.362205,0.318898,0.192913,0.401575,0,0.181102,0.366142,0.444882,0.322835,0.19685,0.429134,0.523622,0.122047
0.511811,0.496063,0.598425,0.716535,0.299213,0.385827,0.456693,0.287402,0.570866,0.358268,0.318898,0.192913,0.397638,0,0.181102,0.366142,0.444882,0.322835,0.192913,0.429134,0.527559,0.129921
0.511811,0.496063,0.586614,0.708661,0.30315,0.385827,0.456693,0.291339,0.570866,0.358268,0.318898,0.192913,0.397638,0,0.177165,0.366142,0.444882,0.318898,0.192913,0.425197,0.531496,0.133858
0.511811,0.496063,0.590551,0.704724,0.30315,0.385827,0.46063,0.295276,0.570866,0.358268,0.318898,0.192913,0.397638,0,0.177165,0.362205,0.444882,0.318898,0.192913,0.425197,0.523622,0.133858
0.511811,0.496063,0.606299,0.704724,0.30315,0.389764,0.472441,0.295276,0.570866,0.362205,0.318898,0.192913,0.397638,0,0.177165,0.362205,0.444882,0.318898,0.19685,0.425197,0.515748,0.129921
0.511811,0.492126,0.625984,0.700787,0.30315,0.397638,0.476378,0.295276,0.574803,0.362205,0.318898,0.19685,0.401575,0,0.177165,0.366142,0.448819,0.318898,0.19685,0.433071,0.5,0.125984
0.511811,0.492126,0.637795,0.700787,0.307087,0.397638,0.480315,0.295276,0.57874,0.362205,0.318898,0.200787,0.405512,0,0.177165,0.370079,0.448819,0.318898,0.192913,0.433071,0.488189,0.122047
0.511811,0.492126,0.637795,0.704724,0.311024,0.397638,0.472441,0.299213,0.57874,0.362205,0.314961,0.204724,0.405512,0,0.169291,0.370079,0.448819,0.322835,0.185039,0.433071,0.480315,0.114173
0.511811,0.492126,0.637795,0.704724,0.314961,0.397638,0.464567,0.299213,0.57874,0.358268,0.314961,0.204724,0.405512,0,0.169291,0.366142,0.448819,0.322835,0.181102,0.429134,0.484252,0.11811
0.511811,0.496063,0.61811,0.700787,0.318898,0.389764,0.452756,0.30315,0.574803,0.354331,0.311024,0.19685,0.405512,0,0.169291,0.366142,0.448819,0.322835,0.185039,0.42126,0.5,0.122047
0.515748,0.496063,0.610236,0.69685,0.318898,0.385827,0.452756,0.30315,0.570866,0.354331,0.318898,0.192913,0.401575,0,0.173228,0.366142,0.444882,0.322835,0.188976,0.42126,0.511811,0.133858
0.515748,0.492126,0.606299,0.692913,0.318898,0.385827,0.46063,0.30315,0.570866,0.354331,0.318898,0.192913,0.401575,0,0.177165,0.366142,0.444882,0.318898,0.192913,0.42126,0.519685,0.141732
0.515748,0.492126,0.622047,0.692913,0.311024,0.393701,0.472441,0.299213,0.574803,0.354331,0.318898,0.19685,0.401575,0,0.177165,0.366142,0.444882,0.318898,0.192913,0.429134,0.507874,0.137795
0.515748,0.492126,0.625984,0.692913,0.307087,0.397638,0.472441,0.295276,0.57874,0.354331,0.318898,0.19685,0.401575,0,0.173228,0.370079,0.444882,0.318898,0.188976,0.433071,0.488189,0.129921
0.515748,0.492126,0.625984,0.692913,0.311024,0.397638,0.452756,0.295276,0.57874,0.354331,0.314961,0.200787,0.401575,0,0.169291,0.370079,0.444882,0.318898,0.185039,0.433071,0.484252,0.125984
0.515748,0.492126,0.61811,0.688976,0.322835,0.385827,0.437008,0.30315,0.57874,0.346457,0.314961,0.200787,0.401575,0,0.169291,0.370079,0.444882,0.318898,0.185039,0.429134,0.488189,0.125984
0.515748,0.492126,0.606299,0.685039,0.330709,0.370079,0.425197,0.307087,0.570866,0.346457,0.314961,0.200787,0.401575,0,0.173228,0.370079,0.440945,0.318898,0.192913,0.42126,0.503937,0.133858
0.519685,0.492126,0.598425,0.681102,0.334646,0.366142,0.425197,0.311024,0.566929,0.346457,0.318898,0.200787,0.393701,0,0.173228,0.370079,0.440945,0.318898,0.19685,0.417323,0.511811,0.137795
0.519685,0.492126,0.602362,0.677165,0.334646,0.374016,0.437008,0.311024,0.566929,0.346457,0.318898,0.200787,0.393701,0,0.173228,0.374016,0.444882,0.318898,0.200787,0.42126,0.511811,0.141732
0.519685,0.492126,0.622047,0.677165,0.326772,0.389764,0.456693,0.311024,0.570866,0.346457,0.322835,0.204724,0.397638,0,0.173228,0.374016,0.448819,0.318898,0.200787,0.429134,0.503937,0.145669
0.519685,0.492126,0.629921,0.681102,0.322835,0.393701,0.464567,0.307087,0.57874,0.346457,0.318898,0.208661,0.401575,0,0.169291,0.374016,0.448819,0.318898,0.192913,0.433071,0.496063,0.137795
0.515748,0.492126,0.629921,0.685039,0.326772,0.397638,0.46063,0.307087,0.57874,0.346457,0.318898,0.208661,0.401575,0,0.169291,0.370079,0.448819,0.322835,0.188976,0.429134,0.492126,0.129921
0.515748,0.492126,0.625984,0.685039,0.326772,0.393701,0.452756,0.314961,0.57874,0.346457,0.318898,0.204724,0.401575,0,0.169291,0.370079,0.448819,0.322835,0.188976,0.42126,0.5,0.133858
0.515748,0.492126,0.614173,0.685039,0.326772,0.385827,0.448819,0.314961,0.574803,0.346457,0.322835,0.200787,0.397638,0,0.173228,0.370079,0.448819,0.322835,0.192913,0.417323,0.511811,0.141732
0.519685,0.492126,0.610236,0.677165,0.326772,0.385827,0.456693,0.311024,0.574803,0.350394,0.322835,0.200787,0.397638,0,0.173228,0.370079,0.444882,0.318898,0.200787,0.425197,0.519685,0.145669
0.519685,0.492126,0.614173,0.681102,0.318898,0.393701,0.468504,0.307087,0.574803,0.350394,0.326772,0.200787,0.397638,0,0.173228,0.370079,0.444882,0.318898,0.200787,0.433071,0.507874,0.141732
0.515748,0.492126,0.622047,0.688976,0.311024,0.397638,0.468504,0.295276,0.57874,0.350394,0.322835,0.200787,0.401575,0,0.169291,0.370079,0.444882,0.318898,0.192913,0.437008,0.496063,0.133858
0.515748,0.492126,0.622047,0.688976,0.314961,0.397638,0.46063,0.295276,0.57874,0.350394,0.322835,0.19685,0.401575,0,0.169291,0.366142,0.444882,0.318898,0.188976,0.425197,0.496063,0.137795
0.515748,0.492126,0.622047,0.685039,0.322835,0.389764,0.448819,0.30315,0.57874,0.350394,0.322835,0.19685,0.401575,0,0.169291,0.366142,0.444882,0.318898,0.188976,0.417323,0.5,0.137795
0.515748,0.492126,0.614173,0.681102,0.326772,0.38189,0.440945,0.311024,0.574803,0.346457,0.322835,0.19685,0.397638,0,0.177165,0.366142,0.437008,0.318898,0.19685,0.417323,0.511811,0.145669
0.519685,0.492126,0.606299,0.677165,0.326772,0.38189,0.440945,0.311024,0.570866,0.346457,0.326772,0.19685,0.397638,0,0.177165,0.366142,0.437008,0.314961,0.200787,0.42126,0.523622,0.153543
0.519685,0.492126,0.606299,0.677165,0.322835,0.389764,0.452756,0.311024,0.570866,0.346457,0.330709,0.19685,0.397638,0,0.177165,0.370079,0.437008,0.314961,0.200787,0.429134,0.511811,0.149606
0.519685,0.492126,0.61811,0.685039,0.314961,0.393701,0.456693,0.30315,0.57874,0.346457,0.330709,0.200787,0.401575,0,0.173228,0.370079,0.437008,0.314961,0.19685,0.433071,0.496063,0.141732
0.519685,0.492126,0.622047,0.685039,0.314961,0.393701,0.456693,0.299213,0.57874,0.346457,0.326772,0.200787,0.401575,0,0.169291,0.370079,0.437008,0.314961,0.192913,0.433071,0.488189,0.141732
0.515748,0.492126,0.625984,0.685039,0.322835,0.393701,0.448819,0.307087,0.582677,0.346457,0.322835,0.19685,0.401575,0,0.169291,0.370079,0.437008,0.314961,0.188976,0.42126,0.492126,0.141732
0.515748,0.492126,0.610236,0.681102,0.326772,0.377953,0.440945,0.311024,0.574803,0.346457,0.322835,0.19685,0.397638,0,0.173228,0.370079,0.437008,0.314961,0.192913,0.417323,0.507874,0.145669
0.519685,0.492126,0.598425,0.677165,0.326772,0.377953,0.440945,0.311024,0.570866,0.346457,0.326772,0.19685,0.397638,0,0.173228,0.370079,0.437008,0.314961,0.200787,0.417323,0.515748,0.153543
0.519685,0.492126,0.598425,0.677165,0.326772,0.385827,0.456693,0.311024,0.574803,0.346457,0.326772,0.204724,0.397638,0,0.173228,0.370079,0.464567,0.318898,0.200787,0.425197,0.507874,0.15748
0.519685,0.492126,0.606299,0.677165,0.326772,0.385827,0.46063,0.311024,0.574803,0.346457,0.322835,0.208661,0.401575,0,0.169291,0.377953,0.472441,0.30315,0.192913,0.429134,0.484252,0.149606
0.519685,0.492126,0.606299,0.669291,0.330709,0.385827,0.444882,0.311024,0.57874,0.34252,0.322835,0.212598,0.401575,0,0.169291,0.377953,0.472441,0.311024,0.185039,0.429134,0.472441,0.141732
0.523622,0.492126,0.602362,0.645669,0.354331,0.374016,0.413386,0.311024,0.574803,0.334646,0.318898,0.212598,0.397638,0,0.173228,0.377953,0.468504,0.318898,0.185039,0.429134,0.484252,0.141732
0.531496,0.492126,0.586614,0.61811,0.358268,0.346457,0.318898,0.326772,0.566929,0.307087,0.314961,0.204724,0.389764,0,0.177165,0.374016,0.46063,0.318898,0.200787,0.425197,0.507874,0.149606
0.527559,0.476378,0.5,0.602362,0.30315,0.275591,0.299213,0.307087,0.507874,0.259843,0.311024,0.173228,0.334646,0,0.200787,0.354331,0.409449,0.299213,0.200787,0.425197,0.531496,0.153543
0.523622,0.476378,0.5,0.610236,0.30315,0.271654,0.295276,0.314961,0.492126,0.248031,0.311024,0.181102,0.330709,0,0.208661,0.354331,0.393701,0.295276,0.192913,0.425197,0.527559,0.149606
0.519685,0.476378,0.503937,0.622047,0.311024,0.275591,0.295276,0.326772,0.488189,0.248031,0.311024,0.19685,0.330709,0,0.212598,0.354331,0.393701,0.295276,0.188976,0.42126,0.519685,0.145669
0.519685,0.476378,0.503937,0.625984,0.318898,0.275591,0.291339,0.338583,0.484252,0.244094,0.311024,0.212598,0.338583,0,0.220472,0.358268,0.389764,0.295276,0.188976,0.42126,0.519685,0.137795
0.519685,0.480315,0.507874,0.625984,0.334646,0.275591,0.291339,0.358268,0.484252,0.244094,0.318898,0.232283,0.362205,0,0.224409,0.362205,0.409449,0.299213,0.188976,0.42126,0.519685,0.133858
0.519685,0.480315,0.511811,0.625984,0.346457,0.275591,0.287402,0.38189,0.480315,0.244094,0.322835,0.251969,0.393701,0,0.232283,0.374016,0.440945,0.311024,0.192913,0.42126,0.523622,0.133858
0.519685,0.480315,0.511811,0.625984,0.354331,0.275591,0.287402,0.397638,0.468504,0.244094,0.322835,0.26378,0.401575,0,0.23622,0.377953,0.444882,0.314961,0.200787,0.42126,0.527559,0.129921
0.523622,0.480315,0.511811,0.625984,0.354331,0.275591,0.287402,0.405512,0.464567,0.240157,0.322835,0.267717,0.401575,0,0.23622,0.38189,0.448819,0.314961,0.200787,0.42126,0.531496,0.129921
0.523622,0.480315,0.511811,0.625984,0.354331,0.271654,0.287402,0.405512,0.464567,0.240157,0.322835,0.279528,0.405512,0,0.240157,0.38189,0.448819,0.314961,0.200787,0.42126,0.531496,0.129921
0.523622,0.480315,0.511811,0.625984,0.354331,0.271654,0.287402,0.409449,0.464567,0.240157,0.322835,0.283465,0.409449,0,0.240157,0.38189,0.444882,0.314961,0.200787,0.42126,0.535433,0.129921
0.523622,0.480315,0.511811,0.625984,0.354331,0.271654,0.287402,0.417323,0.464567,0.23622,0.326772,0.299213,0.401575,0,0.255906,0.38189,0.440945,0.314961,0.192913,0.42126,0.535433,0.129921
0.523622,0.480315,0.511811,0.625984,0.354331,0.271654,0.287402,0.42126,0.464567,0.23622,0.330709,0.318898,0.397638,0,0.255906,0.38189,0.437008,0.314961,0.188976,0.42126,0.535433,0.129921
0.523622,0.480315,0.511811,0.625984,0.350394,0.267717,0.291339,0.425197,0.46063,0.23622,0.330709,0.326772,0.401575,0,0.244094,0.38189,0.425197,0.311024,0.188976,0.42126,0.543307,0.133858
0.523622,0.480315,0.511811,0.625984,0.350394,0.267717,0.291339,0.429134,0.46063,0.23622,0.330709,0.326772,0.401575,0,0.244094,0.38189,0.425197,0.311024,0.192913,0.42126,0.543307,0.133858
0.523622,0.480315,0.511811,0.625984,0.350394,0.267717,0.291339,0.429134,0.46063,0.232283,0.330709,0.318898,0.397638,0,0.240157,0.38189,0.42126,0.311024,0.19685,0.42126,0.543307,0.133858
0.523622,0.480315,0.511811,0.625984,0.350394,0.267717,0.291339,0.433071,0.46063,0.232283,0.326772,0.314961,0.397638,0,0.23622,0.38189,0.417323,0.311024,0.19685,0.42126,0.543307,0.133858
0.523622,0.480315,0.511811,0.625984,0.350394,0.267717,0.291339,0.433071,0.46063,0.232283,0.326772,0.314961,0.397638,0,0.23622,0.38189,0.417323,0.311024,0.19685,0.42126,0.543307,0.133858
0.523622,0.480315,0.511811,0.622047,0.350394,0.267717,0.291339,0.433071,0.46063,0.232283,0.326772,0.314961,0.397638,0,0.23622,0.38189,0.417323,0.311024,0.19685,0.417323,0.543307,0.133858
0.527559,0.480315,0.511811,0.622047,0.350394,0.26378,0.291339,0.433071,0.46063,0.232283,0.326772,0.314961,0.397638,0,0.232283,0.38189,0.417323,0.311024,0.19685,0.417323,0.547244,0.137795
0.527559,0.480315,0.511811,0.622047,0.354331,0.26378,0.291339,0.433071,0.46063,0.232283,0.330709,0.326772,0.409449,0,0.240157,0.385827,0.417323,0.311024,0.19685,0.417323,0.547244,0.137795
0.527559,0.480315,0.511811,0.622047,0.358268,0.26378,0.291339,0.440945,0.468504,0.228346,0.330709,0.346457,0.448819,0,0.244094,0.389764,0.417323,0.311024,0.19685,0.417323,0.547244,0.133858
0.527559,0.480315,0.515748,0.622047,0.362205,0.26378,0.291339,0.452756,0.472441,0.228346,0.330709,0.366142,0.480315,0,0.244094,0.393701,0.417323,0.307087,0.19685,0.417323,0.547244,0.133858
0.527559,0.480315,0.515748,0.622047,0.366142,0.26378,0.291339,0.456693,0.476378,0.228346,0.330709,0.370079,0.484252,0,0.244094,0.393701,0.413386,0.307087,0.19685,0.413386,0.547244,0.133858
0.527559,0.480315,0.515748,0.61811,0.366142,0.26378,0.291339,0.46063,0.476378,0.228346,0.330709,0.377953,0.5,0,0.244094,0.397638,0.413386,0.307087,0.19685,0.413386,0.547244,0.133858
0.527559,0.480315,0.515748,0.61811,0.366142,0.26378,0.291339,0.464567,0.476378,0.228346,0.326772,0.385827,0.511811,0,0.240157,0.401575,0.409449,0.307087,0.19685,0.409449,0.547244,0.137795
0.527559,0.480315,0.515748,0.614173,0.366142,0.259843,0.291339,0.464567,0.476378,0.228346,0.318898,0.389764,0.523622,0,0.23622,0.401575,0.405512,0.307087,0.19685,0.409449,0.551181,0.137795
0.527559,0.480315,0.519685,0.610236,0.366142,0.259843,0.291339,0.464567,0.476378,0.228346,0.318898,0.413386,0.515748,0,0.212598,0.409449,0.405512,0.307087,0.216535,0.417323,0.551181,0.137795
0.527559,0.480315,0.527559,0.606299,0.362205,0.259843,0.287402,0.468504,0.476378,0.224409,0.30315,0.389764,0.38189,0,0.173228,0.413386,0.393701,0.30315,0.248031,0.42126,0.551181,0.145669
0.527559,0.480315,0.527559,0.590551,0.346457,0.259843,0.287402,0.444882,0.476378,0.224409,0.291339,0.350394,0.326772,0,0.153543,0.405512,0.377953,0.299213,0.220472,0.42126,0.551181,0.153543
0.523622,0.480315,0.527559,0.586614,0.338583,0.255906,0.287402,0.429134,0.476378,0.224409,0.279528,0.30315,0.291339,0,0.149606,0.401575,0.374016,0.299213,0.177165,0.42126,0.551181,0.15748
0.523622,0.480315,0.527559,0.582677,0.346457,0.255906,0.283465,0.409449,0.476378,0.224409,0.279528,0.287402,0.299213,0,0.161417,0.397638,0.374016,0.299213,0.161417,0.417323,0.551181,0.161417
0.523622,0.480315,0.531496,0.582677,0.350394,0.259843,0.283465,0.393701,0.527559,0.244094,0.287402,0.279528,0.409449,0,0.177165,0.413386,0.433071,0.311024,0.15748,0.413386,0.547244,0.161417
0.527559,0.480315,0.527559,0.582677,0.370079,0.279528,0.279528,0.377953,0.57874,0.291339,0.295276,0.291339,0.480315,0,0.181102,0.452756,0.488189,0.330709,0.169291,0.409449,0.53937,0.161417
0.531496,0.484252,0.523622,0.586614,0.393701,0.299213,0.275591,0.377953,0.590551,0.299213,0.30315,0.314961,0.484252,0,0.165354,0.468504,0.503937,0.334646,0.192913,0.413386,0.535433,0.161417
0.531496,0.484252,0.523622,0.590551,0.393701,0.311024,0.275591,0.377953,0.586614,0.291339,0.30315,0.314961,0.46063,0,0.15748,0.468504,0.492126,0.334646,0.192913,0.417323,0.523622,0.169291
0.535433,0.484252,0.519685,0.590551,0.38189,0.318898,0.275591,0.362205,0.559055,0.267717,0.30315,0.267717,0.401575,0,0.153543,0.437008,0.46063,0.330709,0.169291,0.42126,0.496063,0.173228
0.531496,0.480315,0.519685,0.582677,0.362205,0.322835,0.279528,0.346457,0.519685,0.259843,0.299213,0.23622,0.34252,0,0.161417,0.413386,0.425197,0.322835,0.149606,0.42126,0.480315,0.169291
0.527559,0.480315,0.527559,0.598425,0.346457,0.334646,0.283465,0.358268,0.476378,0.255906,0.307087,0.232283,0.311024,0,0.169291,0.389764,0.385827,0.307087,0.137795,0.425197,0.468504,0.165354
0.523622,0.476378,0.551181,0.61811,0.34252,0.346457,0.283465,0.366142,0.472441,0.251969,0.30315,0.248031,0.30315,0,0.173228,0.397638,0.38189,0.307087,0.129921,0.42126,0.444882,0.149606
0.527559,0.488189,0.551181,0.625984,0.350394,0.346457,0.287402,0.374016,0.480315,0.251969,0.30315,0.291339,0.322835,0,0.169291,0.425197,0.425197,0.318898,0.153543,0.409449,0.42126,0.129921
0.531496,0.488189,0.547244,0.586614,0.374016,0.338583,0.283465,0.38189,0.496063,0.251969,0.287402,0.314961,0.354331,0,0.169291,0.42126,0.464567,0.334646,0.173228,0.417323,0.393701,0.11811
0.531496,0.484252,0.551181,0.582677,0.393701,0.338583,0.283465,0.393701,0.507874,0.248031,0.279528,0.314961,0.370079,0,0.169291,0.425197,0.480315,0.346457,0.177165,0.417323,0.385827,0.110236
0.531496,0.484252,0.551181,0.57874,0.413386,0.338583,0.279528,0.405512,0.511811,0.244094,0.271654,0.314961,0.377953,0,0.165354,0.425197,0.496063,0.358268,0.181102,0.409449,0.385827,0.102362
0.535433,0.484252,0.57874,0.555118,0.433071,0.338583,0.279528,0.413386,0.519685,0.244094,0.259843,0.318898,0.385827,0,0.161417,0.440945,0.503937,0.362205,0.177165,0.397638,0.377953,0.0905512
0.535433,0.484252,0.602362,0.531496,0.440945,0.338583,0.279528,0.413386,0.535433,0.244094,0.251969,0.322835,0.405512,0,0.15748,0.448819,0.511811,0.366142,0.177165,0.393701,0.377953,0.0866142
0.535433,0.484252,0.606299,0.531496,0.448819,0.338583,0.279528,0.413386,0.53937,0.248031,0.251969,0.318898,0.413386,0,0.165354,0.452756,0.519685,0.370079,0.169291,0.389764,0.377953,0.0866142
0.535433,0.484252,0.606299,0.531496,0.46063,0.326772,0.267717,0.417323,0.543307,0.248031,0.255906,0.318898,0.413386,0,0.169291,0.452756,0.519685,0.370079,0.165354,0.389764,0.38189,0.0826772
0.535433,0.484252,0.606299,0.53937,0.444882,0.330709,0.267717,0.413386,0.53937,0.248031,0.259843,0.314961,0.413386,0,0.173228,0.452756,0.519685,0.370079,0.169291,0.393701,0.38189,0.0826772
