30228,,,
30229,,,
30230,,,
30231,,,
30232,,,
30233,,,
30234,,,
30235,0.144098550081253,0.217731118202209,1.05030953884125
30236,,,
30237,,,
30238,,,
30239,,,
30240,,,
30241,,,
30242,,,
30243,,,
30244,,,
30245,0.143309965729713,0.216624036431313,1.05363953113556
30246,,,
30247,,,
30248,,,
30249,,,
30250,,,
30251,,,
30252,,,
30253,,,
30254,,,
30255,0.142376199364662,0.215677320957184,1.05743229389191
30256,,,
30257,,,
30258,,,
30259,,,
30260,,,
30261,,,
30262,,,
30263,,,
30264,,,
30265,0.141280964016914,0.214573308825493,1.06097686290741
30266,,,
30267,,,
30268,,,
30269,,,
30270,,,
30271,,,
30272,,,
30273,,,
30274,,,
30275,0.140504583716393,0.213231220841408,1.06456184387207
30276,,,
30277,,,
30278,,,
30279,,,
30280,,,
30281,,,
30282,,,
30283,,,
30284,,,
30285,,,
30286,,,
30287,,,
30288,,,
30289,,,
30290,,,
30291,0.139526158571243,0.212108254432678,1.06787467002869
30292,,,
30293,,,
30294,,,
30295,,,
30296,,,
30297,,,
30298,,,
30299,,,
30300,,,
30301,0.138937428593636,0.210862129926682,1.07129454612732
30302,,,
30303,,,
30304,,,
30305,,,
30306,,,
30307,,,
30308,,,
30309,,,
30310,,,
30311,0.137779146432877,0.209304437041283,1.0748997926712
30312,,,
30313,,,
30314,,,
30315,,,
30316,,,
30317,,,
30318,,,
30319,,,
30320,,,
30321,0.13714063167572,0.208173587918282,1.07797002792358
30322,,,
30323,,,
30324,,,
30325,,,
30326,,,
30327,,,
30328,,,
30329,,,
30330,,,
30331,,,
30332,,,
30333,0.136248350143433,0.206572875380516,1.08152425289154
30334,,,
30335,,,
30336,,,
30337,,,
30338,,,
30339,,,
30340,,,
30341,,,
30342,,,
30343,,,
30344,0.1356360912323,0.20525524020195,1.08480715751648
30345,,,
30346,,,
30347,,,
30348,,,
30349,,,
30350,,,
30351,,,
30352,,,
30353,,,
30354,,,
30355,,,
30356,,,
30357,,,
30358,,,
30359,,,
30360,,,
30361,0.134782284498215,0.203822538256645,1.08800482749939
30362,,,
30363,,,
30364,,,
30365,,,
30366,,,
30367,,,
30368,,,
30369,,,
30370,,,
30371,0.133913964033127,0.202243864536285,1.09136569499969
30372,,,
30373,,,
30374,,,
30375,,,
30376,,,
30377,,,
30378,,,
30379,,,
30380,,,
30381,0.133155956864357,0.20087631046772,1.094766497612
30382,,,
30383,,,
30384,,,
30385,,,
30386,,,
30387,,,
30388,,,
30389,,,
30390,,,
30391,,,
30392,,,
30393,0.132447466254234,0.199272885918617,1.09798872470856
30394,,,
30395,,,
30396,,,
30397,,,
30398,,,
30399,,,
30400,,,
30401,,,
30402,,,
30403,0.13166706264019,0.197784721851349,1.10118901729584
30404,,,
30405,,,
30406,,,
30407,,,
30408,,,
30409,,,
30410,,,
30411,,,
30412,,,
30413,,,
30414,,,
30415,,,
30416,,,
30417,,,
30418,,,
30419,,,
30420,0.131090238690376,0.196253925561905,1.10428512096405
30421,,,
30422,,,
30423,,,
30424,,,
30425,,,
30426,,,
30427,,,
30428,,,
30429,,,
30430,,,
30431,0.130446523427963,0.194788634777069,1.10747671127319
30432,,,
30433,,,
30434,,,
30435,,,
30436,,,
30437,,,
30438,,,
30439,,,
30440,,,
30441,0.129803285002708,0.193066537380219,1.1103994846344
30442,,,
30443,,,
30444,,,
30445,,,
30446,,,
30447,,,
30448,,,
30449,,,
30450,,,
30451,,,
30452,0.129190236330032,0.191546231508255,1.11319363117218
30453,,,
30454,,,
30455,,,
30456,,,
30457,,,
30458,,,
30459,,,
30460,,,
30461,,,
30462,,,
30463,,,
30464,0.128327265381813,0.190046221017838,1.11612188816071
30465,,,
30466,,,
30467,,,
30468,,,
30469,,,
30470,,,
30471,,,
30472,,,
30473,,,
30474,,,
30475,,,
30476,0.127609252929688,0.188609018921852,1.11919283866882
30477,,,
30478,,,
30479,,,
30480,,,
30481,,,
30482,,,
30483,,,
30484,,,
30485,,,
30486,0.12723408639431,0.187090888619423,1.12174141407013
30487,,,
30488,,,
30489,,,
30490,,,
30491,,,
30492,,,
30493,,,
30494,,,
30495,,,
30496,,,
30497,,,
30498,,,
30499,,,
30500,0.12665057182312,0.185658559203148,1.12461352348328
30501,,,
30502,,,
30503,,,
30504,,,
30505,,,
30506,,,
30507,,,
30508,,,
30509,,,
30510,0.126085743308067,0.184410467743874,1.12723577022553
30511,,,
30512,,,
30513,,,
30514,,,
30515,,,
30516,,,
30517,,,
30518,,,
30519,,,
30520,,,
30521,,,
30522,0.12550550699234,0.182853996753693,1.12988364696503
30523,,,
30524,,,
30525,,,
30526,,,
30527,,,
30528,,,
30529,,,
30530,,,
30531,,,
30532,0.12514066696167,0.181464955210686,1.13248801231384
30533,,,
30534,,,
30535,,,
30536,,,
30537,,,
30538,,,
30539,,,
30540,,,
30541,,,
30542,,,
30543,,,
30544,0.124527290463448,0.180040001869202,1.13510036468506
30545,,,
30546,,,
30547,,,
30548,,,
30549,,,
30550,,,
30551,,,
30552,,,
30553,,,
30554,0.124055273830891,0.178798660635948,1.13769030570984
30555,,,
30556,,,
30557,,,
30558,,,
30559,,,
30560,,,
30561,,,
30562,,,
30563,,,
30564,,,
30565,,,
30566,,,
30567,,,
30568,,,
30569,0.123711317777634,0.177441909909248,1.1398903131485
30570,,,
30571,,,
30572,,,
30573,,,
30574,,,
30575,,,
30576,,,
30577,,,
30578,,,
30579,,,
30580,,,
30581,0.123368747532368,0.176047101616859,1.14223921298981
30582,,,
30583,,,
30584,,,
30585,,,
30586,,,
30587,,,
30588,,,
30589,,,
30590,,,
30591,0.122824348509312,0.174699187278748,1.1445449590683
30592,,,
30593,,,
30594,,,
30595,,,
30596,,,
30597,,,
30598,,,
30599,,,
30600,,,
30601,,,
30602,,,
30603,,,
30604,,,
30605,,,
30606,0.122446492314339,0.173499673604965,1.14685392379761
30607,,,
30608,,,
30609,,,
30610,,,
30611,0.122339576482773,0.172112643718719,1.14880633354187
30612,,,
30613,,,
30614,,,
30615,,,
30616,,,
30617,,,
30618,,,
30619,,,
30620,,,
30621,,,
30622,,,
30623,,,
30624,,,
30625,,,
30626,0.121825098991394,0.170886278152466,1.15086734294891
30627,,,
30628,,,
30629,,,
30630,,,
30631,,,
30632,,,
30633,,,
30634,,,
30635,,,
30636,,,
30637,0.121736533939838,0.169683277606964,1.15290188789368
30638,,,
30639,,,
30640,,,
30641,,,
30642,,,
30643,,,
30644,,,
30645,,,
30646,,,
30647,,,
30648,0.121629752218723,0.168373838067055,1.15449047088623
30649,,,
30650,,,
30651,,,
30652,,,
30653,,,
30654,,,
30655,,,
30656,,,
30657,,,
30658,0.120985455811024,0.167098104953766,1.15671610832214
30659,,,
30660,,,
30661,,,
30662,,,
30663,,,
30664,,,
30665,,,
30666,,,
30667,,,
30668,,,
30669,,,
30670,,,
30671,,,
30672,,,
30673,,,
30674,,,
30675,,,
30676,,,
30677,,,
30678,0.121167115867138,0.165863290429115,1.15822052955627
30679,,,
30680,0.120578475296497,0.164702206850052,1.16024398803711
30681,,,
30682,,,
30683,,,
30684,,,
30685,,,
30686,,,
30687,,,
30688,,,
30689,,,
30690,0.120573632419109,0.163344502449036,1.16184628009796
30691,,,
30692,,,
30693,,,
30694,,,
30695,,,
30696,,,
30697,,,
30698,,,
30699,,,
30700,,,
30701,,,
30702,,,
30703,,,
30704,,,
30705,,,
30706,0.120128206908703,0.162172183394432,1.16389560699463
30707,,,
30708,,,
30709,,,
30710,,,
30711,,,
30712,,,
30713,,,
30714,,,
30715,,,
30716,0.120312906801701,0.160838231444359,1.16527926921844
30717,,,
30718,,,
30719,,,
30720,,,
30721,,,
30722,,,
30723,,,
30724,,,
30725,,,
30726,,,
30727,,,
30728,,,
30729,0.119839496910572,0.159524500370026,1.16684901714325
30730,,,
30731,,,
30732,,,
30733,,,
30734,,,
30735,,,
30736,,,
30737,,,
30738,,,
30739,0.1196368932724,0.15829074382782,1.1687673330307
30740,,,
30741,,,
30742,,,
30743,,,
30744,,,
30745,,,
30746,,,
30747,,,
30748,,,
30749,0.119542241096497,0.156796589493752,1.17005336284637
30750,,,
30751,,,
30752,,,
30753,,,
30754,,,
30755,,,
30756,,,
30757,,,
30758,,,
30759,,,
30760,,,
30761,,,
30762,,,
30763,,,
30764,,,
30765,0.11974772810936,0.155529543757439,1.17135512828827
30766,,,
30767,,,
30768,,,
30769,,,
30770,,,
30771,,,
30772,,,
30773,,,
30774,,,
30775,0.119442902505398,0.154316782951355,1.1730033159256
30776,,,
30777,,,
30778,,,
30779,,,
30780,,,
30781,,,
30782,,,
30783,,,
30784,,,
30785,0.118784815073013,0.153080075979233,1.1746324300766
30786,,,
30787,,,
30788,,,
30789,,,
30790,,,
30791,,,
30792,,,
30793,,,
30794,,,
30795,,,
30796,,,
30797,0.118972830474377,0.151840552687645,1.17575442790985
30798,,,
30799,,,
30800,,,
30801,,,
30802,,,
30803,,,
30804,,,
30805,,,
30806,,,
30807,0.118585340678692,0.150660768151283,1.17753541469574
30808,,,
30809,,,
30810,,,
30811,,,
30812,,,
30813,,,
30814,,,
30815,,,
30816,,,
30817,,,
30818,,,
30819,,,
30820,,,
30821,0.11844726651907,0.149474576115608,1.17878341674805
30822,,,
30823,,,
30824,,,
30825,,,
30826,,,
30827,,,
30828,,,
30829,,,
30830,,,
30831,,,
30832,,,
30833,0.118227124214172,0.148425221443176,1.18015539646149
30834,,,
30835,,,
30836,,,
30837,,,
30838,,,
30839,,,
30840,,,
30841,,,
30842,,,
30843,0.118412204086781,0.147178053855896,1.18124639987946
30844,,,
30845,,,
30846,,,
30847,,,
30848,,,
30849,,,
30850,,,
30851,,,
30852,,,
30853,0.118487507104874,0.146175384521484,1.18255877494812
30854,,,
30855,,,
30856,,,
30857,,,
30858,,,
30859,,,
30860,,,
30861,,,
30862,,,
30863,0.118482396006584,0.144936174154282,1.18396425247192
30864,,,
30865,,,
30866,,,
30867,,,
30868,,,
30869,,,
30870,,,
30871,,,
30872,,,
30873,0.118551179766655,0.143869146704674,1.18515062332153
30874,,,
30875,,,
30876,,,
30877,,,
30878,,,
30879,,,
30880,,,
30881,,,
30882,,,
30883,,,
30884,,,
30885,,,
30886,,,
30887,,,
30888,0.118686102330685,0.142939627170563,1.18601334095001
30889,,,
30890,,,
30891,,,
30892,,,
30893,,,
30894,,,
30895,,,
30896,,,
30897,,,
30898,0.118694439530373,0.14216859638691,1.18729209899902
30899,,,
30900,,,
30901,,,
30902,,,
30903,,,
30904,,,
30905,,,
30906,,,
30907,,,
30908,,,
30909,,,
30910,0.118869550526142,0.141136646270752,1.1883829832077
30911,,,
30912,,,
30913,,,
30914,,,
30915,,,
30916,,,
30917,,,
30918,,,
30919,,,
30920,,,
30921,0.118813142180443,0.140233635902405,1.18937480449677
30922,,,
30923,,,
30924,,,
30925,,,
30926,,,
30927,,,
30928,,,
30929,,,
30930,,,
30931,0.119406789541244,0.139334261417389,1.19023430347443
30932,,,
30933,,,
30934,,,
30935,,,
30936,,,
30937,,,
30938,,,
30939,,,
30940,,,
30941,0.119435146450996,0.13855168223381,1.19103908538818
30942,,,
30943,,,
30944,,,
30945,,,
30946,,,
30947,,,
30948,,,
30949,,,
30950,,,
30951,,,
30952,,,
30953,,,
30954,,,
30955,,,
30956,,,
30957,,,
30958,0.119827203452587,0.137833774089813,1.19186723232269
30959,,,
30960,,,
30961,,,
30962,,,
30963,,,
30964,,,
30965,,,
30966,,,
30967,,,
30968,0.119935549795628,0.137014448642731,1.19284319877625
30969,,,
30970,,,
30971,,,
30972,,,
30973,,,
30974,,,
30975,,,
30976,,,
30977,,,
30978,,,
30979,,,
30980,0.120130807161331,0.136419266462326,1.19365620613098
30981,,,
30982,,,
30983,,,
30984,,,
30985,,,
30986,,,
30987,,,
30988,,,
30989,,,
30990,,,
30991,,,
30992,,,
30993,,,
30994,,,
30995,,,
30996,,,
30997,,,
30998,,,
30999,0.120374210178852,0.13581208884716,1.19439697265625
31000,,,
31001,,,
31002,,,
31003,0.120687201619148,0.135247856378555,1.19519031047821
31004,,,
31005,,,
31006,,,
31007,,,
31008,,,
31009,,,
31010,,,
31011,,,
31012,,,
31013,,,
31014,,,
31015,,,
31016,,,
31017,,,
31018,0.120826654136181,0.134994238615036,1.19587230682373
31019,,,
31020,,,
31021,,,
31022,,,
31023,,,
31024,,,
31025,,,
31026,,,
31027,,,
31028,,,
31029,0.12122680991888,0.134450137615204,1.19661736488342
31030,,,
31031,,,
31032,,,
31033,,,
31034,,,
31035,,,
31036,,,
31037,,,
31038,,,
31039,,,
31040,,,
31041,0.12154047191143,0.134264886379242,1.19748055934906
31042,,,
31043,,,
31044,,,
31045,,,
31046,,,
31047,,,
31048,,,
31049,,,
31050,,,
31051,0.122034095227718,0.133885160088539,1.19778478145599
31052,,,
31053,,,
31054,,,
31055,,,
31056,,,
31057,,,
31058,,,
31059,,,
31060,,,
31061,0.122567936778069,0.133459955453873,1.19832599163055
31062,,,
31063,,,
31064,,,
31065,,,
31066,,,
31067,,,
31068,,,
31069,,,
31070,,,
31071,,,
31072,,,
31073,0.123001590371132,0.133215606212616,1.19921112060547
31074,,,
31075,,,
31076,,,
31077,,,
31078,,,
31079,,,
31080,,,
31081,,,
31082,,,
31083,,,
31084,,,
31085,,,
31086,,,
31087,0.123402811586857,0.132947117090225,1.19958305358887
31088,,,
31089,,,
31090,,,
31091,,,
31092,,,
31093,,,
31094,,,
31095,,,
31096,,,
31097,,,
31098,,,
31099,0.123967751860619,0.132707253098488,1.20004904270172
31100,,,
31101,,,
31102,,,
31103,,,
31104,,,
31105,,,
31106,,,
31107,,,
31108,,,
31109,0.124522104859352,0.132487311959267,1.20044958591461
31110,,,
31111,,,
31112,,,
31113,,,
31114,,,
31115,,,
31116,,,
31117,,,
31118,,,
31119,0.125007525086403,0.132401987910271,1.20103883743286
31120,,,
31121,,,
31122,,,
31123,,,
31124,,,
31125,,,
31126,,,
31127,,,
31128,,,
31129,,,
31130,,,
31131,0.12550650537014,0.132252901792526,1.20143377780914
31132,,,
31133,,,
31134,,,
31135,,,
31136,,,
31137,,,
31138,,,
31139,,,
31140,,,
31141,,,
31142,,,
31143,,,
31144,,,
31145,0.125833779573441,0.13213786482811,1.20185041427612
31146,,,
31147,,,
31148,,,
31149,,,
31150,,,
31151,,,
31152,,,
31153,,,
31154,,,
31155,0.126242443919182,0.132170334458351,1.20213603973389
31156,,,
31157,,,
31158,,,
31159,,,
31160,,,
31161,,,
31162,,,
31163,,,
31164,,,
31165,,,
31166,,,
31167,0.126636400818825,0.132065072655678,1.20231544971466
31168,,,
31169,,,
31170,,,
31171,,,
31172,,,
31173,,,
31174,,,
31175,,,
31176,,,
31177,0.12703263759613,0.131873175501823,1.20256757736206
31178,,,
31179,,,
31180,,,
31181,,,
31182,,,
31183,,,
31184,,,
31185,,,
31186,,,
31187,0.127407476305962,0.131689473986626,1.20278596878052
31188,,,
31189,,,
31190,,,
31191,,,
31192,,,
31193,,,
31194,,,
31195,,,
31196,,,
31197,,,
31198,,,
31199,,,
31200,0.127743244171143,0.131625056266785,1.20301127433777
31201,,,
31202,,,
31203,,,
31204,,,
31205,,,
31206,,,
31207,,,
31208,,,
31209,,,
31210,,,
31211,,,
31212,,,
31213,,,
31214,0.128161430358887,0.131552487611771,1.20314168930054
31215,,,
31216,,,
31217,,,
31218,,,
31219,,,
31220,,,
31221,,,
31222,,,
31223,,,
31224,0.128564536571503,0.131444588303566,1.20324015617371
31225,,,
31226,,,
31227,,,
31228,,,
31229,,,
31230,,,
31231,,,
31232,,,
31233,,,
31234,0.128996267914772,0.131374165415764,1.20331645011902
31235,,,
31236,,,
31237,,,
31238,,,
31239,,,
31240,,,
31241,,,
31242,,,
31243,,,
31244,0.129327639937401,0.131390973925591,1.20341050624847
31245,,,
31246,,,
31247,,,
31248,,,
31249,,,
31250,,,
31251,,,
31252,,,
31253,,,
31254,0.129682376980782,0.131244227290154,1.20349967479706
31255,,,
31256,,,
31257,,,
31258,,,
31259,,,
31260,,,
31261,,,
31262,,,
31263,,,
31264,,,
31265,,,
31266,,,
31267,,,
31268,,,
31269,,,
31270,,,
31271,,,
31272,0.130253657698631,0.131148457527161,1.20348584651947
31273,,,
31274,,,
31275,,,
31276,,,
31277,,,
31278,,,
31279,,,
31280,,,
31281,,,
31282,0.130776271224022,0.130983710289001,1.2036190032959
31283,,,
31284,,,
31285,,,
31286,,,
31287,,,
31288,,,
31289,,,
31290,,,
31291,,,
31292,0.13102912902832,0.130986735224724,1.20371186733246
31293,,,
31294,,,
31295,,,
31296,,,
31297,,,
31298,,,
31299,,,
31300,,,
31301,,,
31302,,,
31303,,,
31304,0.131354853510857,0.130963131785393,1.20374083518982
31305,,,
31306,,,
31307,,,
31308,,,
31309,,,
31310,,,
31311,,,
31312,,,
31313,,,
31314,0.131748527288437,0.130959793925285,1.20383238792419
31315,,,
31316,,,
31317,,,
31318,,,
31319,,,
31320,,,
31321,,,
31322,,,
31323,,,
31324,,,
31325,,,
31326,,,
31327,,,
31328,,,
31329,,,
31330,0.132065564393997,0.131030529737473,1.20396208763123
31331,,,
31332,,,
31333,,,
31334,,,
31335,,,
31336,,,
31337,,,
31338,,,
31339,,,
31340,0.132250875234604,0.130988910794258,1.20401275157929
31341,,,
31342,,,
31343,,,
31344,,,
31345,,,
31346,,,
31347,,,
31348,,,
31349,,,
31350,,,
31351,,,
31352,0.132610335946083,0.131034627556801,1.20399594306946
31353,,,
31354,,,
31355,,,
31356,,,
31357,,,
31358,,,
31359,,,
31360,,,
31361,,,
31362,,,
31363,0.132790461182594,0.131011813879013,1.20407903194428
31364,,,
31365,,,
31366,,,
31367,,,
31368,,,
31369,,,
31370,,,
31371,,,
31372,,,
31373,,,
31374,0.132968723773956,0.130903989076614,1.20415151119232
31375,,,
31376,,,
31377,,,
31378,,,
31379,,,
31380,,,
31381,,,
31382,,,
31383,,,
31384,,,
31385,,,
31386,0.133179277181625,0.130900666117668,1.20409965515137
31387,,,
31388,,,
31389,,,
31390,,,
31391,,,
31392,,,
31393,,,
31394,,,
31395,,,
31396,0.133296892046928,0.130923852324486,1.20410549640656
31397,,,
31398,,,
31399,,,
31400,,,
31401,,,
31402,,,
31403,,,
31404,,,
31405,,,
31406,,,
31407,,,
31408,,,
31409,,,
31410,0.133339688181877,0.130949765443802,1.20418882369995
31411,,,
31412,,,
31413,,,
31414,,,
31415,,,
31416,,,
31417,,,
31418,,,
31419,,,
31420,0.133519977331162,0.130961671471596,1.20424091815948
31421,,,
31422,,,
31423,,,
31424,,,
31425,,,
31426,,,
31427,,,
31428,,,
31429,,,
31430,,,
31431,,,
31432,0.133712187409401,0.130995154380798,1.20433247089386
31433,,,
31434,,,
31435,,,
31436,,,
31437,,,
31438,,,
31439,,,
31440,,,
31441,,,
31442,0.133923634886742,0.13108628988266,1.2043844461441
31443,,,
31444,,,
31445,,,
31446,,,
31447,,,
31448,,,
31449,,,
31450,,,
31451,,,
31452,0.134071439504623,0.131122723221779,1.20445156097412
31453,,,
31454,,,
31455,,,
31456,,,
31457,,,
31458,,,
31459,,,
31460,,,
31461,,,
31462,,,
31463,,,
31464,,,
31465,,,
31466,0.134411454200745,0.131261095404625,1.20468878746033
31467,,,
31468,,,
31469,,,
31470,,,
31471,,,
31472,,,
31473,,,
31474,,,
31475,,,
31476,0.134669288992882,0.13134990632534,1.20475041866303
31477,,,
31478,,,
31479,,,
31480,,,
31481,,,
31482,,,
31483,,,
31484,,,
31485,,,
31486,,,
31487,0.135011374950409,0.131427332758904,1.20482206344605
31488,,,
31489,,,
31490,,,
31491,,,
31492,,,
31493,,,
31494,,,
31495,,,
31496,,,
31497,,,
31498,,,
31499,,,
31500,,,
31501,,,
31502,,,
31503,,,
31504,,,
31505,,,
31506,0.13531506061554,0.131504863500595,1.20495569705963
31507,,,
31508,,,
31509,0.135576009750366,0.131856098771095,1.20504665374756
31510,,,
31511,,,
31512,,,
31513,,,
31514,,,
31515,,,
31516,,,
31517,,,
31518,,,
31519,,,
31520,,,
31521,,,
31522,,,
31523,,,
31524,0.13575191795826,0.131992340087891,1.20521080493927
31525,,,
31526,,,
31527,,,
31528,,,
31529,,,
31530,,,
31531,,,
31532,,,
31533,,,
31534,0.135982438921928,0.132160872220993,1.20546269416809
31535,,,
31536,,,
31537,,,
31538,,,
31539,,,
31540,,,
31541,,,
31542,,,
31543,,,
31544,,,
31545,,,
31546,0.136242553591728,0.132390603423119,1.20557367801666
31547,,,
31548,,,
31549,,,
31550,,,
31551,,,
31552,,,
31553,,,
31554,,,
31555,,,
31556,,,
31557,0.136344283819199,0.132656991481781,1.20568037033081
31558,,,
31559,,,
31560,,,
31561,,,
31562,,,
31563,,,
31564,,,
31565,,,
31566,,,
31567,,,
31568,,,
31569,0.136741489171982,0.132940217852593,1.20569789409637
31570,,,
31571,,,
31572,,,
31573,,,
31574,,,
31575,,,
31576,,,
31577,,,
31578,,,
31579,0.136960908770561,0.13329741358757,1.20581364631653
31580,,,
31581,,,
31582,,,
31583,,,
31584,,,
31585,,,
31586,,,
31587,,,
31588,,,
31589,,,
31590,,,
31591,,,
31592,,,
31593,,,
31594,0.137186735868454,0.133673295378685,1.20590770244598
31595,,,
31596,,,
31597,,,
31598,,,
31599,,,
31600,,,
31601,,,
31602,,,
31603,,,
31604,0.137363135814667,0.134099155664444,1.2059338092804
31605,,,
31606,,,
31607,,,
31608,,,
31609,,,
31610,,,
31611,,,
31612,,,
31613,,,
31614,,,
31615,,,
31616,,,
31617,0.13735194504261,0.134398728609085,1.20597052574158
31618,,,
31619,,,
31620,,,
31621,,,
31622,,,
31623,,,
31624,,,
31625,,,
31626,,,
31627,0.137404203414917,0.134800747036934,1.20601606369019
31628,,,
31629,,,
31630,,,
31631,,,
31632,,,
31633,,,
31634,,,
31635,,,
31636,,,
31637,,,
31638,,,
31639,0.137506768107414,0.135319203138351,1.20602929592133
31640,,,
31641,,,
31642,,,
31643,,,
31644,,,
31645,,,
31646,,,
31647,,,
31648,,,
31649,0.137767404317856,0.135743290185928,1.20598065853119
31650,,,
31651,,,
31652,,,
31653,,,
31654,,,
31655,,,
31656,,,
31657,,,
31658,,,
31659,0.137813925743103,0.136341571807861,1.20584535598755
31660,,,
31661,,,
31662,,,
31663,,,
31664,,,
31665,,,
31666,,,
31667,,,
31668,,,
31669,,,
31670,,,
31671,,,
31672,,,
31673,,,
31674,,,
31675,0.137887880206108,0.136633664369583,1.20573890209198
31676,,,
31677,,,
31678,,,
31679,,,
31680,,,
31681,,,
31682,,,
31683,,,
31684,,,
31685,0.138061091303825,0.136889234185219,1.20571148395538
31686,,,
31687,,,
31688,,,
31689,,,
31690,,,
31691,,,
31692,,,
31693,,,
31694,,,
31695,0.137768283486366,0.137716218829155,1.20576024055481
31696,,,
31697,,,
31698,,,
31699,,,
31700,,,
31701,,,
31702,,,
31703,,,
31704,,,
31705,0.137700319290161,0.138171061873436,1.20579385757446
31706,,,
31707,,,
31708,,,
31709,,,
31710,,,
31711,,,
31712,,,
31713,,,
31714,,,
31715,0.137431874871254,0.138719633221626,1.20580458641052
31716,,,
31717,,,
31718,,,
31719,,,
31720,,,
31721,,,
31722,,,
31723,,,
31724,,,
31725,0.13747550547123,0.139159739017487,1.20574259757996
31726,,,
31727,,,
31728,,,
31729,,,
31730,,,
31731,,,
31732,,,
31733,,,
31734,,,
31735,,,
31736,,,
31737,,,
31738,,,
31739,,,
31740,0.137503206729889,0.139749124646187,1.2056679725647
31741,,,
31742,,,
31743,,,
31744,,,
31745,,,
31746,,,
31747,,,
31748,,,
31749,,,
31750,,,
31751,,,
31752,0.137464329600334,0.140128597617149,1.2055903673172
31753,,,
31754,,,
31755,,,
31756,,,
31757,,,
31758,,,
31759,,,
31760,,,
31761,,,
31762,0.136948764324188,0.140837758779526,1.2057431936264
31763,,,
31764,,,
31765,,,
31766,,,
31767,,,
31768,,,
31769,,,
31770,,,
31771,,,
31772,,,
31773,0.136549025774002,0.141301900148392,1.20574378967285
31774,0.13636539876461,0.141722738742828,1.20587205886841
31775,,,
31776,,,
31777,,,
31778,,,
31779,,,
31780,,,
31781,,,
31782,,,
31783,,,
31784,,,
31785,,,
31786,,,
31787,,,
31788,,,
31789,,,
31790,,,
31791,,,
31792,,,
31793,,,
31794,,,
31795,,,
31796,,,
31797,,,
31798,,,
31799,,,
31800,0.136181578040123,0.142233312129974,1.2059371471405
31801,,,
31802,,,
31803,,,
31804,,,
31805,,,
31806,,,
31807,,,
31808,,,
31809,,,
31810,,,
31811,,,
31812,0.136112615466118,0.142750069499016,1.20589327812195
31813,,,
31814,,,
31815,,,
31816,,,
31817,,,
31818,,,
31819,,,
31820,,,
31821,,,
31822,,,
31823,0.135703936219215,0.143330782651901,1.20607674121857
31824,,,
31825,,,
31826,,,
31827,,,
31828,,,
31829,,,
31830,,,
31831,,,
31832,,,
31833,,,
31834,0.135476648807526,0.143930777907372,1.20615065097809
31835,,,
31836,,,
31837,,,
31838,,,
31839,,,
31840,,,
31841,,,
31842,,,
31843,,,
31844,0.135153353214264,0.14442178606987,1.206387758255
31845,,,
31846,,,
31847,,,
31848,,,
31849,,,
31850,,,
31851,,,
31852,,,
31853,,,
31854,,,
31855,,,
31856,0.134891927242279,0.145005702972412,1.20641160011292
31857,,,
31858,,,
31859,,,
31860,,,
31861,,,
31862,,,
31863,,,
31864,,,
31865,,,
31866,0.134478121995926,0.145487129688263,1.20649695396423
31867,,,
31868,,,
31869,,,
31870,,,
31871,,,
31872,,,
31873,,,
31874,,,
31875,,,
31876,,,
31877,,,
31878,,,
31879,,,
31880,,,
31881,,,
31882,0.13413006067276,0.146167069673538,1.20665514469147
31883,,,
31884,,,
31885,,,
31886,,,
31887,,,
31888,,,
31889,,,
31890,,,
31891,,,
31892,0.133945435285568,0.146709606051445,1.20687425136566
31893,,,
31894,,,
31895,,,
31896,,,
31897,,,
31898,,,
31899,,,
31900,,,
31901,,,
31902,0.1337900608778,0.147413939237595,1.20692586898804
31903,,,
31904,,,
31905,,,
31906,,,
31907,,,
31908,,,
31909,,,
31910,,,
31911,,,
31912,0.133442878723145,0.14823591709137,1.20702230930328
31913,,,
31914,,,
31915,,,
31916,,,
31917,,,
31918,,,
31919,,,
31920,,,
31921,,,
31922,,,
31923,,,
31924,,,
31925,,,
31926,0.133140951395035,0.148929208517075,1.2071248292923
31927,,,
31928,,,
31929,,,
31930,,,
31931,,,
31932,,,
31933,,,
31934,,,
31935,,,
31936,,,
31937,,,
31938,,,
31939,,,
31940,0.132891982793808,0.149778738617897,1.20730638504028
31941,,,
31942,,,
31943,,,
31944,,,
31945,,,
31946,,,
31947,,,
31948,,,
31949,,,
31950,,,
31951,,,
31952,0.132790595293045,0.150786697864533,1.20726597309113
31953,,,
31954,,,
31955,,,
31956,,,
31957,,,
31958,,,
31959,,,
31960,,,
31961,,,
31962,0.132404282689095,0.151686266064644,1.20733201503754
31963,,,
31964,,,
31965,,,
31966,,,
31967,,,
31968,,,
31969,,,
31970,,,
31971,,,
31972,0.132259368896484,0.152662038803101,1.20739936828613
31973,,,
31974,,,
31975,,,
31976,,,
31977,,,
31978,,,
31979,,,
31980,,,
31981,,,
31982,0.13188461959362,0.153809741139412,1.20737886428833
31983,,,
31984,,,
31985,,,
31986,,,
31987,,,
31988,,,
31989,,,
31990,,,
31991,,,
31992,0.131640061736107,0.154904067516327,1.20746791362762
31993,,,
31994,,,
31995,,,
31996,,,
31997,,,
31998,,,
31999,,,
32000,,,
32001,,,
32002,,,
32003,,,
32004,,,
32005,,,
32006,,,
32007,,,
32008,,,
32009,0.131376594305038,0.156240686774254,1.20732593536377
32010,,,
32011,,,
32012,,,
32013,,,
32014,,,
32015,,,
32016,,,
32017,,,
32018,,,
32019,0.130825117230415,0.1573496311903,1.20726299285889
32020,,,
32021,,,
32022,,,
32023,,,
32024,,,
32025,,,
32026,,,
32027,,,
32028,,,
32029,0.130608946084976,0.158781945705414,1.20709645748138
32030,,,
32031,,,
32032,,,
32033,,,
32034,,,
32035,,,
32036,,,
32037,,,
32038,,,
32039,,,
32040,,,
32041,0.130496561527252,0.160022854804993,1.20691883563995
32042,,,
32043,,,
32044,,,
32045,,,
32046,,,
32047,,,
32048,,,
32049,,,
32050,,,
32051,0.129837527871132,0.161625012755394,1.2067369222641
32052,,,
32053,,,
32054,,,
32055,,,
32056,,,
32057,,,
32058,,,
32059,,,
32060,,,
32061,,,
32062,,,
32063,,,
32064,,,
32065,,,
32066,0.129618301987648,0.163170963525772,1.20663356781006
32067,,,
32068,,,
32069,,,
32070,,,
32071,,,
32072,,,
32073,,,
32074,,,
32075,,,
32076,,,
32077,0.129037424921989,0.164796933531761,1.2065554857254
32078,,,
32079,,,
32080,,,
32081,,,
32082,,,
32083,,,
32084,,,
32085,,,
32086,,,
32087,0.128712058067322,0.166529521346092,1.20628643035889
32088,,,
32089,,,
32090,,,
32091,,,
32092,,,
32093,,,
32094,,,
32095,,,
32096,,,
32097,0.128024518489838,0.168391466140747,1.20612287521362
32098,,,
32099,,,
32100,,,
32101,,,
32102,,,
32103,,,
32104,,,
32105,,,
32106,,,
32107,,,
32108,,,
32109,0.127642810344696,0.170274659991264,1.20583474636078
32110,,,
32111,,,
32112,,,
32113,,,
32114,,,
32115,,,
32116,,,
32117,,,
32118,,,
32119,,,
32120,0.126914694905281,0.172138810157776,1.205531001091
32121,,,
32122,,,
32123,,,
32124,,,
32125,,,
32126,,,
32127,,,
32128,,,
32129,,,
32130,,,
32131,,,
32132,,,
32133,,,
32134,,,
32135,0.126231878995895,0.174113377928734,1.20537650585175
32136,,,
32137,,,
32138,,,
32139,,,
32140,,,
32141,,,
32142,,,
32143,,,
32144,,,
32145,,,
32146,,,
32147,,,
32148,0.125651851296425,0.176339253783226,1.20496952533722
32149,,,
32150,,,
32151,,,
32152,,,
32153,,,
32154,,,
32155,,,
32156,,,
32157,,,
32158,0.124897360801697,0.178463593125343,1.20466983318329
32159,,,
32160,,,
32161,,,
